customer_id,name,email
customer-00001,Yatan Sodhi,wsandal@example.net
customer-00002,Yashoda Maharaj,diptakaran@example.org
customer-00003,Dayita Saraf,jasmit30@example.org
customer-00004,Hemang Barman,sidhuyahvi@example.net
customer-00005,Anay Bala,urmisabharwal@example.org
customer-00006,Nilima Dhaliwal,yahuja@example.org
customer-00007,Sneha Nagy,luckylall@example.net
customer-00008,Karan Singhal,jai25@example.org
customer-00009,Charvi Kar,pavani55@example.org
customer-00010,Yatin Sibal,chandreshwason@example.com
customer-00011,Ucchal Saha,nnair@example.net
customer-00012,Chasmum Seth,balendra84@example.org
customer-00013,Falak Ray,shainaya@example.org
customer-00014,Azaan Sandhu,pshan@example.com
customer-00015,Jagat Mahal,wyatt20@example.com
customer-00016,Yamini Yogi,faraj50@example.org
customer-00017,Xalak Swamy,pjayaraman@example.org
customer-00018,Shivani Sharma,manyamalhotra@example.com
customer-00019,Abdul Ramanathan,pratyush91@example.net
customer-00020,Unni Saxena,sbhakta@example.org
customer-00021,Upma Nayar,isachdeva@example.net
customer-00022,Arya Chana,vaishnavi04@example.net
customer-00023,Oni Kota,turvi66@example.com
customer-00024,Xavier Barman,upadhyayupasna@example.net
customer-00025,Rohan Deol,esankaran@example.net
customer-00026,Zaitra Grewal,bhargavabarkha@example.org
customer-00027,Mugdha Dora,georgedewan@example.net
customer-00028,Aditya Murthy,priyaminhas@example.org
customer-00029,Yachana Shah,lohitdixit@example.net
customer-00030,Yauvani Chanda,csetty@example.net
customer-00031,Siddharth Vyas,vihaan58@example.com
customer-00032,Bhavna Karnik,agastya46@example.net
customer-00033,Shaurya Rai,ayaan25@example.net
customer-00034,Ekta Sood,imane@example.net
customer-00035,Nidhi Kari,oommenrishi@example.net
customer-00036,Faras Gour,arjunparikh@example.org
customer-00037,Faras Puri,shettychanakya@example.net
customer-00038,Ishani Mohanty,zbadami@example.net
customer-00039,Rushil Kothari,qabil68@example.com
customer-00040,Thomas Zacharia,bhanumati59@example.net
customer-00041,Bhanumati Mangat,samakshkant@example.org
customer-00042,Chasmum Bhatnagar,dbarman@example.org
customer-00043,Unni Mohanty,tbail@example.org
customer-00044,Maanas Sarna,bwalla@example.com
customer-00045,Laban Kapur,keeradvay@example.com
customer-00046,Diya De,sibalzashil@example.org
customer-00047,Harini Lata,samakshgoda@example.com
customer-00048,Ansh Vasa,znagy@example.org
customer-00049,Atharv Chanda,gkeer@example.net
customer-00050,Bachittar Narula,fparmar@example.net
customer-00051,Quincy Viswanathan,amolguha@example.org
customer-00052,Isaac Hari,akapadia@example.net
customer-00053,Vasudha Minhas,nandiniedwin@example.net
customer-00054,Isaiah Sharaf,maanav34@example.net
customer-00055,Qabil Mann,barkhamerchant@example.net
customer-00056,Yochana Nayar,dadatriya@example.net
customer-00057,Matthew Desai,xdeep@example.org
customer-00058,Devika Kurian,naveenmodi@example.com
customer-00059,Falan Salvi,zarna13@example.org
customer-00060,Ekalinga D’Alia,hemang19@example.com
customer-00061,Ekani Narang,jeremiah51@example.com
customer-00062,Gagan Bhatia,sehgalaarna@example.com
customer-00063,Wahab Mangal,jainleela@example.net
customer-00064,Gaurav Srinivasan,zaid74@example.org
customer-00065,Oviya Majumdar,manya90@example.com
customer-00066,Ayush Narayanan,anay62@example.com
customer-00067,Niharika Bhatti,yashica98@example.net
customer-00068,Naveen Chawla,champak36@example.net
customer-00069,Guneet Mishra,xmerchant@example.net
customer-00070,Janani Baral,anvi86@example.org
customer-00071,Lohit Krishnamurthy,priyaparmer@example.net
customer-00072,Frederick Prasad,upadhriti29@example.com
customer-00073,Ekansh Borah,tanveergupta@example.com
customer-00074,Upkaar Sarna,kadetriya@example.net
customer-00075,Fitan Subramaniam,regequshi@example.org
customer-00076,Ekaja Nagar,chandreshraghavan@example.com
customer-00077,Oni Menon,shivani58@example.net
customer-00078,Urvi Sahni,khalsajagdish@example.org
customer-00079,Patrick Gera,chavvi25@example.com
customer-00080,Pooja Shroff,kiyengar@example.org
customer-00081,Varenya Khalsa,ubikapingle@example.net
customer-00082,Chameli Chander,bassidominic@example.com
customer-00083,Deepa Randhawa,sethihenry@example.com
customer-00084,Tanish Sridhar,bpandit@example.net
customer-00085,Jalsa Murty,karurvi@example.org
customer-00086,Baghyawati Patla,manibishakha@example.net
customer-00087,Odika Sawhney,borabanjeet@example.com
customer-00088,Falak Mitra,hemaniramachandran@example.org
customer-00089,Om Dalal,iryaswamy@example.com
customer-00090,Zashil Deol,hdave@example.com
customer-00091,Hardik Yogi,varkeyharinakshi@example.org
customer-00092,Ekapad Char,rsood@example.com
customer-00093,Dominic Mann,owen12@example.net
customer-00094,Finn Sundaram,ladwriddhish@example.net
customer-00095,Logan Sunder,naveen01@example.net
customer-00096,Charan Prabhu,indalichanda@example.net
customer-00097,Yashvi Bali,charles70@example.com
customer-00098,Nilima Badal,dharshravya@example.net
customer-00099,Megha Nigam,dashekani@example.net
customer-00100,Vidhi Doshi,uacharya@example.net
customer-00101,Yachana Narula,pbir@example.org
customer-00102,Nathaniel Dhawan,aishanichauhan@example.com
customer-00103,Yamini Dass,ladligoyal@example.com
customer-00104,Kritika Bassi,aachaloak@example.com
customer-00105,Christopher Setty,hayerxalak@example.com
customer-00106,Yatin Butala,krishdugal@example.net
customer-00107,Radhika Chacko,mkara@example.net
customer-00108,Darpan Mane,baljiwandasgupta@example.com
customer-00109,Lakshmi Khalsa,vguha@example.net
customer-00110,Falguni Pandey,darsh34@example.org
customer-00111,Ekani Subramaniam,harishnori@example.net
customer-00112,Zaitra Master,ishwaranne@example.com
customer-00113,Sanya Walla,svala@example.org
customer-00114,Xalak Jha,noah74@example.net
customer-00115,Charita Prabhakar,ynagy@example.net
customer-00116,Lohit Babu,boraaahana@example.org
customer-00117,Ekbal Muni,kapadiaveer@example.com
customer-00118,Ryan Dewan,tbahl@example.com
customer-00119,Deepa Shere,naidurushil@example.org
customer-00120,Hritik Halder,charlesgara@example.com
customer-00121,Saksham Bose,twalla@example.com
customer-00122,Jagrati Lata,venkataramanreva@example.net
customer-00123,Abeer Batta,vchandran@example.org
customer-00124,Hredhaan Vasa,kibekaran@example.net
customer-00125,Rishi Muni,cgrover@example.org
customer-00126,Tripti Tella,sanaya64@example.org
customer-00127,Dev Bains,jagvi22@example.org
customer-00128,Darika Khalsa,gabrielsaha@example.com
customer-00129,Jagvi Kapur,mohammed36@example.net
customer-00130,Unnati Solanki,samrawazir@example.com
customer-00131,Bhavika Bhavsar,indrajit08@example.org
customer-00132,Jasmit Dara,eiravati17@example.org
customer-00133,Osha Pau,iyermanthan@example.net
customer-00134,Amaira Choudhary,dmangal@example.net
customer-00135,Veer Sharaf,joshua25@example.org
customer-00136,Ekbal Mittal,rcontractor@example.net
customer-00137,Bishakha Dutta,rajata62@example.net
customer-00138,Gautam Kashyap,sridharanvi@example.com
customer-00139,Megha Dasgupta,madhavi66@example.net
customer-00140,Unnati Mitter,nathanielupadhyay@example.com
customer-00141,Oeshi Khanna,falakdalia@example.com
customer-00142,Mitesh Ganguly,rmand@example.com
customer-00143,Xalak Nayar,harita89@example.net
customer-00144,Darika Dani,gunbirdhillon@example.org
customer-00145,Lipika Kant,karanlal@example.net
customer-00146,Sai Sabharwal,senguptaaditya@example.com
customer-00147,Dipta Bose,jhavinaya@example.com
customer-00148,Yashica Sehgal,bhavaninadkarni@example.net
customer-00149,Priya Vig,shravyaagate@example.net
customer-00150,Anita Shukla,ydubey@example.net
customer-00151,Hamsini Gokhale,divyasibal@example.net
customer-00152,Idika Gour,netramisra@example.com
customer-00153,Chatura Dhingra,oshasridhar@example.org
customer-00154,Ayushman Kibe,harinimenon@example.com
customer-00155,Unni Sahota,lalabeer@example.net
customer-00156,Aadhya Kapadia,samaksh74@example.org
customer-00157,Ira Goswami,vyasrohan@example.org
customer-00158,Omaja Samra,rauryan@example.net
customer-00159,Arya Palla,ttiwari@example.com
customer-00160,Karan Buch,varmaanusha@example.net
customer-00161,Faraj Srivastava,cbarman@example.org
customer-00162,Neelima Dave,gauravnath@example.net
customer-00163,Upadhriti Gara,dhritichaudhry@example.org
customer-00164,Ekantika Dash,bhattekapad@example.org
customer-00165,Neel Khanna,abhiram54@example.org
customer-00166,Rachana Batra,vaishnavinigam@example.org
customer-00167,Zilmil Sura,ayaan02@example.net
customer-00168,Qarin Bansal,bkadakia@example.net
customer-00169,Bakhshi Issac,asuri@example.net
customer-00170,Vincent Behl,yogiyashvi@example.org
customer-00171,Baljiwan Bumb,ychanda@example.com
customer-00172,Xalak Mall,parth21@example.org
customer-00173,Falguni Narayanan,wakeeta89@example.org
customer-00174,Om Raju,sahotapushti@example.com
customer-00175,Nathan Jha,nchana@example.org
customer-00176,Xiti Shankar,twali@example.net
customer-00177,Balvan Goyal,sonitara@example.net
customer-00178,Reva Dada,henry08@example.org
customer-00179,Radhika Anand,oviyadani@example.net
customer-00180,Harish Reddy,parthborah@example.net
customer-00181,Priya Chada,bhavna20@example.net
customer-00182,Daksha Savant,hchandran@example.org
customer-00183,Libni Rau,bhaktazansi@example.com
customer-00184,Mitali Goda,ydada@example.com
customer-00185,Yagnesh Nagi,yaminilad@example.org
customer-00186,Ati Kade,ramanathanmekhala@example.org
customer-00187,Ishani Palla,modividhi@example.net
customer-00188,Reva Sharaf,pahalbatta@example.org
customer-00189,Devansh Prashad,ebawa@example.org
customer-00190,Zehaan Sani,bhavnasathe@example.com
customer-00191,Advaith Mishra,banerjeefrederick@example.net
customer-00192,Maya Suri,gulatichanakya@example.org
customer-00193,Oviya Banerjee,kkhare@example.com
customer-00194,Chavvi Sem,abhataneja@example.org
customer-00195,Upkaar Shan,chaudryurvi@example.com
customer-00196,Varenya Soman,qarinchaudhuri@example.com
customer-00197,Yashodhara Pingle,chaudharigavin@example.com
customer-00198,Hiral Ratta,janakitak@example.com
customer-00199,Udyati Bhalla,gunbir79@example.net
customer-00200,Qushi Kari,emanda@example.org
customer-00201,Michael Karnik,zayanbahri@example.org
customer-00202,Advay Buch,chandresh20@example.net
customer-00203,Nimrat Rout,imaran38@example.com
customer-00204,Ojas Rastogi,cbora@example.org
customer-00205,Ikbal Bhat,seshadrigeetika@example.org
customer-00206,Yashica More,aashisetty@example.org
customer-00207,Arunima Bera,qpalan@example.net
customer-00208,Abeer Ahluwalia,anirudhmutti@example.org
customer-00209,Pranav Oza,chatterjeefariq@example.org
customer-00210,Ubika Bal,radhakrishnanunnati@example.org
customer-00211,Hemang Bal,omaja59@example.net
customer-00212,Chaitanya Aurora,ppall@example.com
customer-00213,Frado Ramanathan,joshuabala@example.com
customer-00214,Damini Varma,tanmayigill@example.org
customer-00215,Vaishnavi Sarraf,hemang56@example.org
customer-00216,Ekansh Upadhyay,bhallapooja@example.com
customer-00217,Ekantika Kuruvilla,odhingra@example.org
customer-00218,Ekalinga Solanki,dben@example.org
customer-00219,Anjali Nair,janujasoni@example.net
customer-00220,Onveer Dass,dratta@example.net
customer-00221,Nidhi Koshy,kdugar@example.net
customer-00222,Veda Sharma,rushil22@example.com
customer-00223,Rachana Bava,darpan96@example.org
customer-00224,Upadhriti Memon,sathvikbanik@example.org
customer-00225,Ekansh Aggarwal,zaid05@example.com
customer-00226,Advay Dewan,ronithlal@example.org
customer-00227,Dhruv Patel,eiravatimallick@example.org
customer-00228,Hemangini Rege,poojaranganathan@example.net
customer-00229,Meghana Karpe,pantyasti@example.net
customer-00230,Imaran Kumar,ravianay@example.org
customer-00231,Samar Batta,sbera@example.com
customer-00232,Girik Swaminathan,nagarajanomkaar@example.com
customer-00233,Rushil Ray,dgill@example.net
customer-00234,Dominic Kota,gokhaleabdul@example.net
customer-00235,Neel Rajagopal,niharika72@example.org
customer-00236,Megha Bhagat,raghav78@example.com
customer-00237,Kavya Kala,chandrandugar@example.org
customer-00238,Brinda Gaba,jeetmadan@example.net
customer-00239,Dakshesh Acharya,farhansom@example.net
customer-00240,Sneha Setty,barora@example.org
customer-00241,Ronith Rout,ethan75@example.net
customer-00242,Yatan Bhavsar,qasimgandhi@example.net
customer-00243,Oviya Palla,yug79@example.org
customer-00244,Charles Acharya,hamsini79@example.org
customer-00245,Neel Kapoor,devansh25@example.com
customer-00246,Januja Dey,krishabalan@example.net
customer-00247,Devika Vasa,brinda36@example.org
customer-00248,Raghav Bhat,owagle@example.com
customer-00249,Edhitha Bhakta,egoel@example.net
customer-00250,Owen Bhatt,ysamra@example.org
customer-00251,Kashvi Oak,keerjagat@example.org
customer-00252,Dakshesh Sagar,somkritika@example.com
customer-00253,Guneet Singh,mangatyatan@example.org
customer-00254,Sneha Zachariah,unni83@example.org
customer-00255,Janya Mohan,dalaja91@example.net
customer-00256,Ayaan Mandal,revarajan@example.org
customer-00257,Garima Iyengar,balhaar44@example.net
customer-00258,Gopal Bumb,jgoswami@example.com
customer-00259,Keya Yogi,pdugal@example.org
customer-00260,Ojasvi Nagy,watika22@example.org
customer-00261,Mitali Amble,qdoshi@example.net
customer-00262,Nihal Yadav,aayush34@example.com
customer-00263,Rushil Bajaj,yatandua@example.net
customer-00264,David Seshadri,damininori@example.com
customer-00265,Ucchal Chokshi,andrew77@example.org
customer-00266,Saanvi Chaudhari,ubika12@example.net
customer-00267,Qabil More,ysibal@example.org
customer-00268,Vedhika Padmanabhan,dev47@example.org
customer-00269,Barkha Bahl,arjunbasu@example.org
customer-00270,Nitara Sarna,tristan06@example.org
customer-00271,Nachiket Patel,bobalsneha@example.org
customer-00272,Nitara Jha,sehgalnitesh@example.net
customer-00273,Kritika Uppal,kakartejas@example.com
customer-00274,Idika Yohannan,issacodika@example.com
customer-00275,Gagan Pai,udyati54@example.com
customer-00276,Yashoda Sampath,ayushkumer@example.net
customer-00277,Upadhriti Chada,nratta@example.com
customer-00278,Vaishnavi Bora,atwaladvika@example.net
customer-00279,Ekanta Pingle,battashivansh@example.net
customer-00280,Dominic Tiwari,upma77@example.net
customer-00281,Tanvi Bajwa,nathaniel79@example.org
customer-00282,Tarak Mukhopadhyay,perieshana@example.org
customer-00283,Anvi More,yashasvi71@example.org
customer-00284,Mahika Anand,upasnakaran@example.net
customer-00285,Eiravati Rajagopalan,sodhidamini@example.com
customer-00286,Gaurika Parekh,mbath@example.com
customer-00287,Bishakha Shankar,kashvi34@example.net
customer-00288,Ubika Singh,manan21@example.net
customer-00289,Sudiksha Bala,fkala@example.net
customer-00290,Eiravati Mann,pmemon@example.com
customer-00291,Pranav Joshi,madanlucky@example.com
customer-00292,Avi Bajwa,simonsachar@example.org
customer-00293,Xavier Bala,jsule@example.org
customer-00294,Dayita Magar,aishanisidhu@example.org
customer-00295,Wakeeta Babu,fjohal@example.net
customer-00296,Forum Nath,baljiwan65@example.org
customer-00297,Faris Borra,gaurangibhatti@example.com
customer-00298,Sneha Rao,ovenkatesh@example.org
customer-00299,Wazir Kaul,gandhichavvi@example.net
customer-00300,Onkar Mallick,chakrika77@example.org
customer-00301,Nirja Master,dhruv31@example.org
customer-00302,Tara Acharya,thomas31@example.net
customer-00303,Dev Lala,solankiyash@example.com
customer-00304,Lucky Raghavan,knarang@example.net
customer-00305,Om Sur,narangtejas@example.org
customer-00306,Oviya Garde,raggarwal@example.org
customer-00307,Zehaan Warrior,xparmer@example.com
customer-00308,Pranit Parikh,janakisem@example.com
customer-00309,Tarak Loke,chhabrajatin@example.net
customer-00310,Indrajit Natt,gaurav16@example.org
customer-00311,Nathan Mani,wtandon@example.org
customer-00312,Wakeeta Kota,jasonsem@example.com
customer-00313,Chatresh Kunda,bvarty@example.org
customer-00314,Jagat Vig,anita01@example.com
customer-00315,Varenya Khosla,rushiltalwar@example.com
customer-00316,Samaksh Boase,tanaymanne@example.com
customer-00317,Ayaan Shetty,ucchalnadig@example.net
customer-00318,Tarak Tata,avni58@example.net
customer-00319,Imaran Madan,mitraijaya@example.org
customer-00320,Bahadurjit Bassi,pparekh@example.org
customer-00321,Wridesh Dara,qranganathan@example.com
customer-00322,Nisha Dasgupta,karbaljiwan@example.com
customer-00323,Adya Virk,bumbyagnesh@example.net
customer-00324,Daksh Dubey,rajandamini@example.org
customer-00325,Jai Chauhan,samarsuri@example.net
customer-00326,Vansha Palan,wriddhish25@example.net
customer-00327,Dev Toor,qasimramachandran@example.org
customer-00328,Madhav Din,manbir38@example.org
customer-00329,Bhanumati Natt,ukapoor@example.net
customer-00330,Kamala Baria,rdivan@example.org
customer-00331,Ekbal Seth,edwinliam@example.net
customer-00332,Amol Subramanian,divya55@example.net
customer-00333,Suhani Manne,raksha30@example.com
customer-00334,Vritti Sandal,triyasengupta@example.org
customer-00335,Theodore Mannan,vnadig@example.com
customer-00336,Sneha Kade,borahishita@example.com
customer-00337,Megha Mukhopadhyay,hraj@example.net
customer-00338,Hiral Koshy,palanodika@example.net
customer-00339,Sara Bahl,atwaldaksha@example.org
customer-00340,Liam Sandhu,xalakbutala@example.org
customer-00341,Ekalinga Walia,dalajabava@example.com
customer-00342,Xiti Date,adyabasu@example.com
customer-00343,Yadavi Date,poojasarma@example.com
customer-00344,Netra Pal,regechaitaly@example.com
customer-00345,Chanakya Mane,janakichaudhuri@example.com
customer-00346,Champak Misra,ychhabra@example.com
customer-00347,Logan Bandi,nkaur@example.org
customer-00348,Yutika Biswas,ucchal38@example.net
customer-00349,Harita Kannan,sharmavedika@example.org
customer-00350,Watika Narain,seshadrianusha@example.org
customer-00351,Darpan Srinivas,bwali@example.com
customer-00352,Anmol Vasa,jacksonviswanathan@example.org
customer-00353,Umang Nadig,nathaniel95@example.org
customer-00354,Chanakya De,tamanna61@example.com
customer-00355,Ekanta Zacharia,gbora@example.org
customer-00356,Tanmayi Murty,mitraguneet@example.com
customer-00357,Kamala Khanna,nadigkamala@example.com
customer-00358,Leena Tiwari,oommenmaanas@example.org
customer-00359,Yutika Narayanan,kabirsahni@example.net
customer-00360,Pooja Lal,karpeishaan@example.net
customer-00361,David Biswas,shivani33@example.com
customer-00362,Vrishti Walla,semeta@example.net
customer-00363,Tanvi Bali,tiwariyochana@example.com
customer-00364,Jagrati Sama,ishaan14@example.com
customer-00365,Azaan Kara,kritikadubey@example.net
customer-00366,Alexander Nadig,senrudra@example.com
customer-00367,Osha Chauhan,henry80@example.com
customer-00368,Jagat Bains,golajeet@example.com
customer-00369,Rohan Zacharia,wridesh52@example.org
customer-00370,Chaman Walla,msabharwal@example.com
customer-00371,Ekanta Behl,norimason@example.net
customer-00372,Naksh Dugal,nilimasood@example.com
customer-00373,Naveen Sathe,vvala@example.org
customer-00374,Ekaraj Khosla,elijah19@example.net
customer-00375,Krishna Yadav,sandalsamaksh@example.net
customer-00376,Vinaya Gara,ayushmanbasak@example.com
customer-00377,Jagdish Majumdar,andrew23@example.net
customer-00378,Damini Sant,thora@example.net
customer-00379,Qadim Upadhyay,anay35@example.net
customer-00380,Qushi Rattan,mgade@example.org
customer-00381,Kashvi Randhawa,anamikasami@example.net
customer-00382,Ojasvi Lata,sanyabahri@example.org
customer-00383,Logan Kulkarni,lwable@example.org
customer-00384,Anya Choudhury,yahvibir@example.org
customer-00385,Chasmum Hayer,fsarna@example.net
customer-00386,Nilima Brar,fmammen@example.net
customer-00387,Daniel Date,gulatichasmum@example.com
customer-00388,Veda Shah,sarachhabra@example.net
customer-00389,Jatin Rastogi,anamikanagi@example.org
customer-00390,Harinakshi Choudhary,nachiketgoel@example.org
customer-00391,Hredhaan Rout,senaahana@example.net
customer-00392,Varenya Boase,zashilgarg@example.org
customer-00393,Akshay Pillai,rsule@example.com
customer-00394,Aarav Dar,samipahal@example.org
customer-00395,Aryan Nair,jupadhyay@example.net
customer-00396,Ekapad Varkey,umallick@example.org
customer-00397,Nakul Naidu,sahotabaljiwan@example.net
customer-00398,Riya Arya,arin49@example.org
customer-00399,Ishita Wali,xwason@example.com
customer-00400,Chaman Korpal,dhriti09@example.net
customer-00401,Laban Edwin,sehgalnaveen@example.net
customer-00402,Ekanta Mall,hkulkarni@example.com
customer-00403,Ijaya Rajagopalan,mitraeshana@example.net
customer-00404,Aarav Kohli,nicholas78@example.net
customer-00405,Nicholas Karan,wbali@example.net
customer-00406,Isaiah Pandit,dyalgirik@example.com
customer-00407,Kalpit Mand,ubikanarasimhan@example.com
customer-00408,Harinakshi Garg,dalbir04@example.org
customer-00409,Jonathan Kumer,vbhat@example.net
customer-00410,Rajata Pillai,oscar78@example.com
customer-00411,Saanvi Kari,munshilajita@example.com
customer-00412,Divya Zachariah,fgade@example.org
customer-00413,Ekansh Butala,aadhya07@example.com
customer-00414,Ekta Kalita,narulapavani@example.com
customer-00415,Simon Dugar,akhanna@example.com
customer-00416,Chakradev Ratti,nbhalla@example.net
customer-00417,Oscar Mistry,aryayashodhara@example.com
customer-00418,Bishakha Choudhary,vritti35@example.com
customer-00419,Harita Mahajan,abhiram08@example.org
customer-00420,Falak Murty,csharma@example.org
customer-00421,Sanya Menon,batralavanya@example.com
customer-00422,Sai Palla,ranamatthew@example.com
customer-00423,Netra Deshpande,rattaansh@example.com
customer-00424,Oliver Kuruvilla,vohrakamya@example.net
customer-00425,Dakshesh Uppal,idevi@example.net
customer-00426,Tripti Bahl,upadmanabhan@example.net
customer-00427,Upasna Yogi,januja95@example.net
customer-00428,Parth Wadhwa,henrypatla@example.com
customer-00429,Vinaya Ray,widisha52@example.com
customer-00430,Jeevika Bumb,gkara@example.net
customer-00431,Abhimanyu Cheema,garaadya@example.net
customer-00432,Bhavna Vasa,virajyadav@example.com
customer-00433,Qadim Rajagopal,aarininayak@example.org
customer-00434,Vihaan Dara,deshmukhyuvraj@example.org
customer-00435,Ekapad Karnik,mkrishnamurthy@example.org
customer-00436,Harrison Mallick,rajagopalelijah@example.com
customer-00437,Yashoda Dua,chaitanyarana@example.net
customer-00438,Naksh Chander,ddyal@example.net
customer-00439,Hritik Sehgal,mohammedborah@example.net
customer-00440,Rayaan Patla,mrajagopal@example.net
customer-00441,Vanya Talwar,charyoshita@example.com
customer-00442,Falguni Chowdhury,charvi45@example.org
customer-00443,Wahab Peri,esawhney@example.com
customer-00444,Raksha Kapadia,crai@example.com
customer-00445,Orinder Mammen,riyaloke@example.net
customer-00446,Wridesh Jayaraman,nicholas66@example.org
customer-00447,Ijaya Shetty,avisani@example.org
customer-00448,Amara Soman,michaelbose@example.net
customer-00449,Jatin Rout,karnikhiral@example.net
customer-00450,Manthan Chahal,ishaansalvi@example.net
customer-00451,Yoshita Dewan,lverma@example.org
customer-00452,Dev Chaudhari,chaudharionveer@example.com
customer-00453,Yashoda Ramaswamy,bhardwajirya@example.net
customer-00454,Benjamin Bains,kotaelijah@example.net
customer-00455,Yutika Nath,matthew81@example.com
customer-00456,Mitali Gola,nirja54@example.net
customer-00457,Nikita Pandit,mammenyashica@example.net
customer-00458,Harrison Dhillon,ira48@example.net
customer-00459,Elijah Raghavan,patiledhitha@example.net
customer-00460,Dalbir Bath,dtara@example.com
customer-00461,Zayan Banik,aishanichaudhry@example.org
customer-00462,Zayan Pandya,singhchandani@example.org
customer-00463,Tanveer Ahluwalia,ede@example.com
customer-00464,Anamika Shroff,fdubey@example.com
customer-00465,Pushti Vaidya,tgulati@example.com
customer-00466,Lohit Cheema,neelyohannan@example.com
customer-00467,Wriddhish Seth,uvarma@example.net
customer-00468,Jhalak Mohanty,eta52@example.org
customer-00469,Nirja Kulkarni,shivanshwalla@example.com
customer-00470,Watika Thaman,fdevan@example.com
customer-00471,Edhitha Karpe,wishidasgupta@example.org
customer-00472,Qushi Anne,ndani@example.net
customer-00473,Eta Dash,harshsaran@example.com
customer-00474,Gavin Natt,vsuri@example.net
customer-00475,Aditya Suresh,urvashi46@example.net
customer-00476,Indali Dani,chandrangavin@example.net
customer-00477,Girindra Tiwari,barkhabhavsar@example.com
customer-00478,Forum Sathe,ekta04@example.org
customer-00479,Raghav Solanki,saksham91@example.org
customer-00480,Unnati Sane,prakashirya@example.com
customer-00481,Leela Rama,mangatrehaan@example.org
customer-00482,Vedika Nori,vasudha48@example.net
customer-00483,Zarna Ahluwalia,bhavna49@example.org
customer-00484,Rudra Narula,fiyazbhasin@example.com
customer-00485,Rajeshri Kapur,ramanvidhi@example.org
customer-00486,Abha Bobal,widisharoy@example.com
customer-00487,Radha Chaudhary,hariwaida@example.com
customer-00488,Watika Rao,pushti46@example.net
customer-00489,Dhriti Mangat,bhattieesha@example.org
customer-00490,Jagdish Datta,xbhalla@example.com
customer-00491,Jagat Rama,zwason@example.org
customer-00492,Robert Mohanty,kalababu@example.org
customer-00493,Hiral Ghose,zansisarin@example.com
customer-00494,Matthew Sodhi,aditya26@example.org
customer-00495,Hardik Radhakrishnan,agastyaprakash@example.org
customer-00496,Osha Pandit,datetripti@example.net
customer-00497,Ikshita Ramaswamy,deepdaniel@example.com
customer-00498,Kavya Goswami,veer18@example.net
customer-00499,Ekanta Nayak,tripti76@example.com
customer-00500,Abeer Pandey,ramkavya@example.org
customer-00501,Wakeeta Walia,ikbalsarin@example.org
customer-00502,Ekanta Tella,pahalaggarwal@example.org
customer-00503,Dhriti Din,vdate@example.com
customer-00504,Anamika Saini,usani@example.com
customer-00505,Reyansh Sampath,fgoda@example.com
customer-00506,Balvan Dey,amol28@example.com
customer-00507,Bimala Iyengar,yash32@example.net
customer-00508,Girik Kata,nsingh@example.com
customer-00509,Lakshmi Comar,edhithashere@example.com
customer-00510,Vansha Andra,balimichael@example.org
customer-00511,Varsha Ahluwalia,chatreshparmer@example.com
customer-00512,Keya Peri,rmodi@example.net
customer-00513,Amaira Mishra,vaishnavi46@example.net
customer-00514,Samar Bahri,ishanvi87@example.net
customer-00515,Laban Kannan,dtrivedi@example.com
customer-00516,Praneel Tailor,pantucchal@example.com
customer-00517,Hiral Srinivasan,wben@example.net
customer-00518,Wakeeta Dhillon,abeer53@example.org
customer-00519,Odika Ghose,zkuruvilla@example.net
customer-00520,Utkarsh Nanda,vasaaradhana@example.net
customer-00521,Rajeshri Korpal,max09@example.net
customer-00522,Wazir Deshmukh,lpant@example.net
customer-00523,Krishna Manne,yadavirege@example.net
customer-00524,Rachit Bhatnagar,dkata@example.net
customer-00525,Zaitra Saraf,jagdish25@example.com
customer-00526,Sanaya Wagle,pahal67@example.org
customer-00527,Sachi Ravel,xnagarajan@example.com
customer-00528,Dev Raju,vincentdatta@example.com
customer-00529,Nimrat Cherian,gsubramanian@example.com
customer-00530,Janya Dave,rdhar@example.org
customer-00531,Anita Chhabra,brindanair@example.org
customer-00532,Ekantika Kumar,barmanlogan@example.com
customer-00533,Upma Parekh,chakradev57@example.org
customer-00534,Eiravati Sood,bsarin@example.com
customer-00535,Janya Pandit,logan66@example.org
customer-00536,Vasudha Edwin,harinakshiwalia@example.org
customer-00537,Utkarsh Solanki,pahal40@example.net
customer-00538,Darika Tara,mjain@example.net
customer-00539,Anirudh Dass,wishiom@example.com
customer-00540,Chanchal Kamdar,xiti97@example.org
customer-00541,Yahvi Som,kashishupadhyay@example.net
customer-00542,Parth Sankaran,avi46@example.net
customer-00543,Indrajit Kakar,aadhyabhardwaj@example.com
customer-00544,Kamala Pathak,jeetkadakia@example.org
customer-00545,Hredhaan Gera,lsalvi@example.org
customer-00546,Faras Srinivasan,kashishchoudhry@example.org
customer-00547,Chaitaly Devan,latabahadurjit@example.org
customer-00548,Chatresh Krish,gauribadami@example.org
customer-00549,Yadavi Aurora,unnibarman@example.com
customer-00550,Tejas Morar,zjhaveri@example.net
customer-00551,Ayushman Sekhon,sachikala@example.com
customer-00552,Ranveer Prabhu,vanyasaini@example.net
customer-00553,Darpan Bhatia,fpatil@example.net
customer-00554,Ira Ahuja,groy@example.net
customer-00555,Luke Wali,idikanarayanan@example.com
customer-00556,Tanay Sama,falancherian@example.org
customer-00557,Meghana Purohit,aryan73@example.com
customer-00558,Jatin Dixit,odevan@example.com
customer-00559,Falak Wali,yramaswamy@example.net
customer-00560,Ekapad Saran,luke13@example.com
customer-00561,Veda Narayanan,ebrahmbhatt@example.net
customer-00562,Rushil Baria,pushti46@example.com
customer-00563,Shaurya Contractor,christopherlall@example.org
customer-00564,Jonathan Venkatesh,siyarajan@example.net
customer-00565,Vasatika Khanna,kapadiaharsh@example.com
customer-00566,Ekansh Korpal,zdubey@example.com
customer-00567,Hredhaan Bhatti,narainnimrat@example.net
customer-00568,Ekavir Nagarajan,mahikamital@example.org
customer-00569,Advay Deshmukh,tmerchant@example.org
customer-00570,Aditya Gara,ijayamaharaj@example.org
customer-00571,Tristan Nazareth,kamya16@example.org
customer-00572,Devansh Nagi,sundarambalvan@example.org
customer-00573,Anika Minhas,guhaurmi@example.net
customer-00574,Zarna Andra,rkapoor@example.org
customer-00575,Eesha Mall,ijain@example.net
customer-00576,Balveer Khare,yahvisinghal@example.net
customer-00577,Omya Ratti,kohlilipika@example.com
customer-00578,Mugdha Karan,thomaskoshy@example.net
customer-00579,Vivaan Kade,vviswanathan@example.net
customer-00580,Samaksh Subramaniam,widisha74@example.com
customer-00581,Chameli Choudhary,unni21@example.net
customer-00582,Raghav Dayal,kulkarniyoshita@example.net
customer-00583,Gunbir Rau,fiyaz29@example.net
customer-00584,Atharv Mutti,rushil53@example.org
customer-00585,Eiravati Bhatnagar,mandrajeshri@example.net
customer-00586,Yauvani Kale,yadavi43@example.org
customer-00587,Januja Dewan,nitaratak@example.net
customer-00588,Fariq Dora,charumang@example.com
customer-00589,Avi Prabhakar,maanassha@example.com
customer-00590,Oliver Lala,mukherjeeabhimanyu@example.com
customer-00591,Bachittar Bhavsar,jhaverianika@example.org
customer-00592,Rohan Shan,jananiprashad@example.org
customer-00593,Lucky Bansal,vkaul@example.com
customer-00594,Omkaar Bumb,mohanaditya@example.org
customer-00595,Deepa Barad,sethigaurika@example.com
customer-00596,Madhavi Nadig,kritika96@example.com
customer-00597,Laksh Salvi,okar@example.com
customer-00598,Adya Sibal,bchander@example.org
customer-00599,Rachita Hora,omadvik@example.com
customer-00600,Inaya Sarkar,charita92@example.net
customer-00601,Yashoda Singh,varmapahal@example.com
customer-00602,Bhavini Ramesh,fkarnik@example.org
customer-00603,Vidhi Dash,odika01@example.net
customer-00604,Arya Magar,anika92@example.net
customer-00605,Lucky Grewal,laksh75@example.com
customer-00606,Omisha Sharma,balachaitanya@example.org
customer-00607,Chatresh Halder,yatinmahal@example.com
customer-00608,George Chacko,cheemavedant@example.net
customer-00609,Veda Virk,comareshana@example.net
customer-00610,Aadhya Hari,mason02@example.net
customer-00611,Anirudh Thakur,gokhaleneha@example.com
customer-00612,Isaiah Mody,prisha27@example.net
customer-00613,Anvi Prakash,mitali16@example.com
customer-00614,Reyansh Borah,ikshitasandal@example.net
customer-00615,Hitesh Sangha,seshadrirajeshri@example.org
customer-00616,Anika Zachariah,xnarasimhan@example.com
customer-00617,Kai Soni,mbhatia@example.com
customer-00618,Advaith Singhal,udant85@example.com
customer-00619,Ekavir Divan,urvi38@example.net
customer-00620,Tanvi Ahluwalia,epai@example.org
customer-00621,Yashoda Om,faras42@example.net
customer-00622,Diya Gaba,ckurian@example.net
customer-00623,Amrita Dugar,suhani69@example.com
customer-00624,Vedika Anne,kashvi40@example.org
customer-00625,Lila Randhawa,wridesh31@example.org
customer-00626,Rajeshri Raval,shauryahari@example.net
customer-00627,Dayamai Dubey,hayerpriya@example.net
customer-00628,Deepa Gulati,katajai@example.net
customer-00629,Irya Kurian,kghose@example.com
customer-00630,Devansh Doctor,boraeesha@example.com
customer-00631,Hiral Lata,yachanachaudhari@example.org
customer-00632,Maanas Kakar,sethileena@example.net
customer-00633,Ekta Sarna,hardikroy@example.com
customer-00634,Janani Chand,murthyranbir@example.com
customer-00635,Henry Singhal,triptibahl@example.org
customer-00636,Gopal Kunda,dcheema@example.net
customer-00637,Neha Sekhon,azadmall@example.net
customer-00638,Nikita Pall,minhasshaurya@example.com
customer-00639,Waida Dixit,rachita80@example.com
customer-00640,Isha Kumar,edwinsamuel@example.net
customer-00641,Anmol Raghavan,bahlrajata@example.org
customer-00642,Nimrat Pau,dipta03@example.com
customer-00643,Teerth Viswanathan,yuvraj44@example.net
customer-00644,Imaran Wable,chandreshgola@example.org
customer-00645,Wyatt Palla,oliverchaudhry@example.com
customer-00646,Rachana Dube,shahkala@example.org
customer-00647,Lucky Dey,zsrinivasan@example.net
customer-00648,Benjamin Devan,aarnavnarayan@example.net
customer-00649,Aarush Issac,keerlucky@example.com
customer-00650,Qarin Kata,dswaminathan@example.com
customer-00651,Upasna Mann,sharmawyatt@example.net
customer-00652,Vaishnavi Nayar,qshah@example.org
customer-00653,Isha Sur,kalaharshil@example.com
customer-00654,Devika Ganesh,charvi31@example.org
customer-00655,Harshil Roy,neha49@example.net
customer-00656,Isaiah Luthra,itiwari@example.org
customer-00657,Yash Datta,bahadurjitchakraborty@example.org
customer-00658,Ansh Gola,chaayasaini@example.net
customer-00659,Avi Agarwal,xdhaliwal@example.net
customer-00660,Balendra Narang,andrewsanghvi@example.net
customer-00661,Indrajit Borah,batramichael@example.com
customer-00662,Warda Krishnamurthy,agarwalridhi@example.org
customer-00663,Zaid Dara,nazarethjanaki@example.net
customer-00664,Deepa Karpe,williamboase@example.org
customer-00665,Sanaya Seth,anirudhchoudhury@example.com
customer-00666,Veda Sampath,vrishtisur@example.com
customer-00667,Kashish Gandhi,ubaria@example.org
customer-00668,Balveer Dewan,ikshitabadami@example.net
customer-00669,Mekhala Dhar,yatanviswanathan@example.com
customer-00670,Maya Tandon,hwali@example.com
customer-00671,Tamanna Kothari,ria34@example.org
customer-00672,Zilmil Ramachandran,yashasvikapadia@example.net
customer-00673,Rohan Mani,ganga19@example.com
customer-00674,Triveni Chander,fnarang@example.org
customer-00675,Rehaan Pant,dbali@example.org
customer-00676,Parth Nagy,bhavanisridhar@example.org
customer-00677,Hemang Setty,ipandey@example.net
customer-00678,Jack Khatri,chatreshdugal@example.org
customer-00679,Januja Sengupta,anatt@example.net
customer-00680,Aditya Merchant,harini36@example.net
customer-00681,Harshil Sane,oshadora@example.net
customer-00682,Lohit Sarna,ganga40@example.org
customer-00683,Gautami Ghosh,sarrafdavid@example.net
customer-00684,Pratyush Dewan,oommenikshita@example.com
customer-00685,Ojas Bhalla,qbatra@example.net
customer-00686,Yashvi Sengupta,saumya87@example.com
customer-00687,Aashi Mohan,vkrish@example.org
customer-00688,Jackson Dugar,warjas17@example.org
customer-00689,Vaishnavi Ganguly,bainsyatan@example.com
customer-00690,Ati Sethi,dalaja86@example.com
customer-00691,Sara Prasad,rajata84@example.com
customer-00692,Theodore Dugar,omyadora@example.net
customer-00693,Tamanna Garde,obora@example.org
customer-00694,Om Mistry,cbava@example.org
customer-00695,Wazir Kant,parthramaswamy@example.org
customer-00696,Jeremiah Ben,bhanumatimutti@example.org
customer-00697,Yatin Mandal,gangabobal@example.com
customer-00698,Abha Varty,vasaraksha@example.org
customer-00699,Bhavani Mutti,krish21@example.net
customer-00700,Avi Dutta,wahabgoswami@example.net
customer-00701,Abha Sehgal,ubatra@example.net
customer-00702,Rajata Zachariah,jonathan25@example.com
customer-00703,Aarna De,avni01@example.com
customer-00704,Veda Dasgupta,esachdeva@example.net
customer-00705,Lavanya Deshmukh,zgour@example.com
customer-00706,Deepa Dey,ibakshi@example.org
customer-00707,Kavya Bhagat,wakeetasachdeva@example.com
customer-00708,Kritika Anne,yachanachoudhury@example.net
customer-00709,Yashasvi Chaudry,veer82@example.org
customer-00710,Darpan Som,minhasfaqid@example.com
customer-00711,Vihaan Saran,charpraneel@example.com
customer-00712,Kalpit Kunda,viswanathanishanvi@example.org
customer-00713,Geetika Char,qabil92@example.com
customer-00714,Nikita Kuruvilla,jkade@example.net
customer-00715,Saumya Kothari,onkarganguly@example.com
customer-00716,Yuvraj Kashyap,thomas05@example.com
customer-00717,Qushi Trivedi,vedant75@example.org
customer-00718,Dhruv Chandra,mammenanika@example.net
customer-00719,Zinal Chaudhari,gautamchaudhry@example.com
customer-00720,Osha Khatri,sagarzaid@example.net
customer-00721,Vincent Dugal,deeppallavi@example.com
customer-00722,Bhavini Brahmbhatt,gargalka@example.com
customer-00723,Eiravati Peri,wsubramaniam@example.org
customer-00724,Panini Vig,vasatika72@example.com
customer-00725,Triveni Tara,charita77@example.com
customer-00726,Damyanti Sengupta,henrysingh@example.org
customer-00727,Tara Saraf,girikmannan@example.org
customer-00728,Tanvi Chatterjee,acomar@example.com
customer-00729,Leela Sarin,merchantrobert@example.net
customer-00730,Jagat Arora,tellasachi@example.net
customer-00731,Manthan Lalla,aradhana98@example.net
customer-00732,Fitan Mutti,rhans@example.net
customer-00733,Raagini Walla,lgoswami@example.com
customer-00734,Sudiksha Chada,jasonsama@example.org
customer-00735,Qushi Batta,snehagopal@example.net
customer-00736,Guneet Garg,mitesh90@example.com
customer-00737,Vrinda Sem,ganesansamar@example.org
customer-00738,Banjeet Sahota,zsarna@example.com
customer-00739,Zehaan Khurana,fariqraju@example.net
customer-00740,Jyoti Varty,csubramanian@example.com
customer-00741,Sai Tata,mangatreva@example.net
customer-00742,Xalak Borde,bhavsarmason@example.com
customer-00743,Samesh Saini,fchhabra@example.org
customer-00744,Falak Kulkarni,oni25@example.net
customer-00745,Maya Srinivasan,benjaminpingle@example.org
customer-00746,Brinda Sura,umang32@example.net
customer-00747,Wahab Sur,wazirnaidu@example.net
customer-00748,Wriddhish Ravi,mukherjeeijaya@example.org
customer-00749,Benjamin Choudhry,anandmanthan@example.com
customer-00750,Ekavir Ravel,dalaja51@example.net
customer-00751,Noah Jayaraman,lavanya35@example.org
customer-00752,Girik Mahajan,faraskrishna@example.net
customer-00753,Anmol Raja,anika93@example.org
customer-00754,Idika Hegde,manthanbhatti@example.net
customer-00755,Bhanumati Mammen,nathbarkha@example.net
customer-00756,Bhavika Shroff,amrutalall@example.com
customer-00757,Akshay Dhaliwal,tanvi30@example.com
customer-00758,Nilima Kunda,wridesh21@example.net
customer-00759,Chatresh Warrior,charvi82@example.net
customer-00760,Yash Kala,chaitanya45@example.org
customer-00761,Onkar Goda,samiekantika@example.net
customer-00762,Advay Dey,hiteshvasa@example.com
customer-00763,Dayita Sehgal,rachit39@example.org
customer-00764,Brinda Mutti,dartanish@example.org
customer-00765,Leela Madan,praneelgoda@example.org
customer-00766,Harish Kar,bassipranit@example.com
customer-00767,Guneet Nair,bhanumati20@example.com
customer-00768,Samar Dhar,gaurangidani@example.net
customer-00769,Chakradev Lad,darpanboase@example.net
customer-00770,Osha Grover,hiralchad@example.net
customer-00771,Naksh Deo,ladlidin@example.net
customer-00772,Gautam Pillay,wsaraf@example.net
customer-00773,Fiyaz Bath,chamansekhon@example.org
customer-00774,Vincent Lalla,korpalanay@example.org
customer-00775,Vyanjana Butala,zehaanvohra@example.org
customer-00776,Sara Guha,omkaarbuch@example.net
customer-00777,Vedika Pandya,falak61@example.net
customer-00778,Samesh Devan,wmammen@example.net
customer-00779,Zarna Om,nrajagopalan@example.org
customer-00780,Upadhriti Contractor,anaybasak@example.net
customer-00781,Sanya Chand,ikshita37@example.org
customer-00782,Fiyaz Jhaveri,wakeetanarain@example.org
customer-00783,Aarnav Mistry,vinayamajumdar@example.com
customer-00784,Samar Sheth,chavvi78@example.org
customer-00785,Warinder Deep,qushi99@example.net
customer-00786,Rajata Sahni,yashodasampath@example.org
customer-00787,Zaitra Seshadri,munianmol@example.com
customer-00788,Krisha Deshmukh,qasimshere@example.com
customer-00789,Geetika Setty,triveni22@example.org
customer-00790,Lila Bhandari,ababu@example.com
customer-00791,Qasim Kala,jacob75@example.org
customer-00792,Samar Chokshi,kaidave@example.net
customer-00793,Christopher Bora,faras43@example.net
customer-00794,Manan Shroff,ksankar@example.org
customer-00795,Mitali Bansal,unnatidugal@example.com
customer-00796,Yashasvi Vasa,lilalad@example.org
customer-00797,Gauri Choudhury,urvashipalla@example.org
customer-00798,Balhaar Majumdar,peter39@example.org
customer-00799,Nicholas Mitter,manivanya@example.org
customer-00800,Ijaya Kanda,dtella@example.com
customer-00801,Ekta Hans,janya26@example.net
customer-00802,Siddharth Manne,advaynarang@example.com
customer-00803,Janani Majumdar,falak10@example.net
customer-00804,Advaith Butala,yyogi@example.com
customer-00805,Yasti Bhatt,banjeet37@example.com
customer-00806,Amruta Koshy,jonathanmisra@example.org
customer-00807,Lakshmi Murthy,urishillanarain@example.net
customer-00808,Charita Dixit,sanya45@example.net
customer-00809,Arjun Sinha,azaanpatil@example.net
customer-00810,Warjas Seth,waliradhika@example.net
customer-00811,Anjali Master,lukeshanker@example.net
customer-00812,Anirudh Ahuja,valareyansh@example.net
customer-00813,Balvan Hora,kondaisaac@example.com
customer-00814,Ijaya Raghavan,nathansachdev@example.org
customer-00815,Nathan Keer,yaminimagar@example.com
customer-00816,Onveer Tandon,tanveerparikh@example.com
customer-00817,Radha Bhandari,sankaransamar@example.net
customer-00818,Kamala Sharaf,harish38@example.com
customer-00819,Faraj Mohan,szachariah@example.org
customer-00820,Hemal Pandya,wrideshhayre@example.net
customer-00821,Rajeshri Keer,udantbalasubramanian@example.com
customer-00822,Siddharth Venkataraman,vasudhakanda@example.net
customer-00823,Urmi Iyer,ayushman66@example.com
customer-00824,Dhriti Chad,aroraarya@example.com
customer-00825,Girik Kothari,amara95@example.com
customer-00826,Anika Mutti,gauravdevan@example.org
customer-00827,Jasmit Salvi,kalaishaan@example.com
customer-00828,Warhi Tara,srivastavaom@example.org
customer-00829,Parth Kuruvilla,kadakiakamala@example.org
customer-00830,Triveni Yadav,pvohra@example.org
customer-00831,Oliver Luthra,lajitaborra@example.org
customer-00832,Unni Ranganathan,keertripti@example.net
customer-00833,Rachita Shah,ekajadara@example.net
customer-00834,Noah Mani,krishfalguni@example.org
customer-00835,Panini Viswanathan,pchakrabarti@example.net
customer-00836,Pooja Narayan,wableisha@example.org
customer-00837,Upma Dani,oiyengar@example.net
customer-00838,Bishakha Aggarwal,frederickchhabra@example.com
customer-00839,Kai Raju,sacharradha@example.net
customer-00840,Chatura Chadha,udant50@example.org
customer-00841,Yashoda Vyas,dsule@example.com
customer-00842,Aarnav Saxena,qushijoshi@example.net
customer-00843,Arunima Cherian,nakulgolla@example.net
customer-00844,Onveer Narayan,abeer64@example.net
customer-00845,Lakshit Kadakia,esengupta@example.net
customer-00846,Inaya Prashad,ishaan22@example.net
customer-00847,Sachi Bakshi,regeekanta@example.com
customer-00848,Zayyan Sane,vdeo@example.com
customer-00849,Aahana D’Alia,sanyababu@example.net
customer-00850,Ranbir Lal,fiyazwagle@example.com
customer-00851,Advaith Jhaveri,fnigam@example.com
customer-00852,Yatin Dugal,mahika29@example.org
customer-00853,Viraj Prabhu,ekanta76@example.com
customer-00854,Nicholas Pillai,deolnimrat@example.org
customer-00855,Jacob Johal,xavier00@example.com
customer-00856,Krish Kala,yohannantimothy@example.com
customer-00857,Bishakha Chakrabarti,rachitdevi@example.org
customer-00858,Vamakshi Lad,adityamalhotra@example.com
customer-00859,Yachana Andra,uagrawal@example.org
customer-00860,Chakradev Puri,devika04@example.com
customer-00861,Jhalak Khurana,ybava@example.org
customer-00862,Yug Rattan,yashodharachandra@example.com
customer-00863,Chakrika Subramaniam,paugunbir@example.com
customer-00864,Jeevika Chaudry,kparsa@example.org
customer-00865,Arin Kapur,dominic26@example.com
customer-00866,Brijesh Natarajan,christopher96@example.com
customer-00867,Girish Wason,qvirk@example.net
customer-00868,Leela Subramaniam,victortandon@example.org
customer-00869,Patrick Sheth,igola@example.org
customer-00870,Harinakshi Gola,choudhrydominic@example.org
customer-00871,Meera Chakraborty,umane@example.net
customer-00872,Lipika Ganesan,harshil48@example.com
customer-00873,Saksham Mukherjee,zachariadavid@example.net
customer-00874,Manan Chaudhary,bborra@example.com
customer-00875,Darsh Nadig,dparmar@example.com
customer-00876,Rachana Shah,balveergandhi@example.org
customer-00877,Jai Tripathi,rlad@example.net
customer-00878,Dhriti Krishnan,vrinda40@example.net
customer-00879,Naksh Ranganathan,indrajitdugar@example.org
customer-00880,Nilima Sathe,ekiyashenoy@example.org
customer-00881,Oviya Tella,lakshmicherian@example.org
customer-00882,Veda Chana,samuel61@example.org
customer-00883,Jackson Sheth,sameshapte@example.net
customer-00884,Yashodhara Baral,arjunsetty@example.org
customer-00885,Jagvi Chaudhary,aishanihari@example.net
customer-00886,Vihaan Bhat,koshylohit@example.net
customer-00887,Jeevika Kothari,bmemon@example.org
customer-00888,Chakrika Nori,jbatra@example.net
customer-00889,Arya Kala,vasaalexander@example.org
customer-00890,Tanish Dugar,cdugar@example.org
customer-00891,Atharv Sekhon,badamivedant@example.net
customer-00892,Ekani Sabharwal,pwali@example.org
customer-00893,Anjali Pandit,hritik17@example.net
customer-00894,Zansi Parmar,gtripathi@example.net
customer-00895,Radha Bhandari,bagrawal@example.org
customer-00896,Shaurya Bava,ramanparth@example.org
customer-00897,Anthony Misra,sairamanathan@example.org
customer-00898,Mohammed Dixit,farhan45@example.com
customer-00899,Megha Tank,vdewan@example.net
customer-00900,Shivansh Natt,kamyaravel@example.com
customer-00901,Kamya Kurian,wyattsen@example.net
customer-00902,Karan Mukherjee,ibhasin@example.org
customer-00903,Anika Magar,eesha35@example.com
customer-00904,Vamakshi Luthra,agrawalsachi@example.com
customer-00905,Matthew Banik,qjaggi@example.org
customer-00906,Luke Natt,edixit@example.org
customer-00907,Chandani Gulati,doshitheodore@example.com
customer-00908,Warjas Bala,wbasak@example.net
customer-00909,Ekbal Mukherjee,pahalbhargava@example.com
customer-00910,Raksha Verma,nagyharsh@example.net
customer-00911,Banjeet Bhavsar,ahluwaliachaaya@example.net
customer-00912,Avi Sahni,hbobal@example.com
customer-00913,Amruta Kant,sneha16@example.net
customer-00914,Teerth Bava,lajita62@example.net
customer-00915,Kavya Walla,cnanda@example.org
customer-00916,Manbir Bandi,oniahuja@example.com
customer-00917,Yashawini Karnik,mukherjeegavin@example.net
customer-00918,Eta Bhatti,pushtikashyap@example.net
customer-00919,Chandani Gara,moreranbir@example.org
customer-00920,Janya Babu,isaiahmall@example.net
customer-00921,Lajita Khurana,victorsibal@example.org
customer-00922,Janya Naidu,dshan@example.com
customer-00923,Osha Nazareth,cagarwal@example.com
customer-00924,Anirudh Mani,nagarajansanaya@example.net
customer-00925,Rushil Choudhury,vmangal@example.org
customer-00926,Saumya Prabhu,chaudhurigabriel@example.org
customer-00927,Jackson Mall,gautami08@example.org
customer-00928,Ekaraj Singhal,falgunigrewal@example.net
customer-00929,Saanvi Raja,hritikmallick@example.net
customer-00930,Adweta Keer,eeshadhar@example.com
customer-00931,Oliver Viswanathan,nilimabhavsar@example.net
customer-00932,Tripti Pillay,wallasudiksha@example.net
customer-00933,Indrajit Nazareth,wkakar@example.org
customer-00934,Netra Dugar,alka04@example.org
customer-00935,Viraj Lad,jkuruvilla@example.com
customer-00936,Divya Walla,thakuranay@example.com
customer-00937,Neha Bail,bmanda@example.net
customer-00938,Ekavir Kata,vasudhabarad@example.org
customer-00939,Hemani Bhatia,ahluwalialeela@example.net
customer-00940,Harita Batta,mganesh@example.org
customer-00941,Mahika Toor,hayredayamai@example.org
customer-00942,Logan Peri,charvimitter@example.org
customer-00943,Upma Chaudhary,mitteryatin@example.org
customer-00944,Zilmil De,tprasad@example.net
customer-00945,Teerth Narayan,tatavarsha@example.net
customer-00946,Udant Patla,mnatt@example.com
customer-00947,Sudiksha Gopal,kiaanbanerjee@example.net
customer-00948,Praneel Bahl,hoommen@example.org
customer-00949,Anay Bajwa,jatin75@example.com
customer-00950,Maya Divan,nilima10@example.net
customer-00951,Nilima Subramanian,nisha48@example.com
customer-00952,Irya Gandhi,iryamohan@example.com
customer-00953,Praneel Sengupta,ekeer@example.com
customer-00954,Luke Choudhry,jiyer@example.org
customer-00955,Dominic Loke,leena50@example.net
customer-00956,Daniel Desai,chaitanyabhalla@example.com
customer-00957,Michael Das,ishwar91@example.org
customer-00958,Harita Kohli,suhanidhar@example.net
customer-00959,Ishwar Dasgupta,brastogi@example.net
customer-00960,Mohammed Sarna,vansha56@example.net
customer-00961,Adweta Dasgupta,chhabraimaran@example.com
customer-00962,Robert Krishnan,tdevi@example.org
customer-00963,Zayyan Thakur,sastryindali@example.net
customer-00964,Aadi Bera,ekansh61@example.org
customer-00965,Chandran Bhattacharyya,max42@example.org
customer-00966,Vrishti Bhalla,yogiyashica@example.net
customer-00967,Simon Nazareth,arinlad@example.com
customer-00968,Shravya Khalsa,hdatta@example.net
customer-00969,Wahab Tara,deepawalla@example.net
customer-00970,Leela Gokhale,csrivastava@example.net
customer-00971,Mekhala Sankaran,samarthratti@example.net
customer-00972,Mohammed Choudhry,gagan42@example.org
customer-00973,Dakshesh Sankar,zachariahrishi@example.org
customer-00974,Darsh De,lpandya@example.com
customer-00975,Divya Raghavan,ypathak@example.org
customer-00976,Ranbir Sankar,varmaosha@example.net
customer-00977,Luke Kothari,buchaarush@example.org
customer-00978,Yashasvi Boase,dixitaarna@example.com
customer-00979,Isaiah Nagi,wishimore@example.net
customer-00980,Lakshit Chaudry,parmaronveer@example.org
customer-00981,Hemani Gade,manthan51@example.net
customer-00982,Upma Mody,bahadurjit69@example.org
customer-00983,Samuel Ram,urmi96@example.com
customer-00984,Ronith Sheth,onkar50@example.com
customer-00985,Chaman Chad,mugdhabuch@example.net
customer-00986,Amara Khare,ydash@example.com
customer-00987,Yashodhara Dube,bimalagupta@example.com
customer-00988,Kavya Pal,balayishita@example.org
customer-00989,Ridhi Kapur,opant@example.net
customer-00990,Jai Jha,zachariahanusha@example.com
customer-00991,Agastya Bail,advik70@example.org
customer-00992,Lavanya Sen,ekajachoudhary@example.org
customer-00993,Champak Koshy,tarak69@example.org
customer-00994,Balhaar Lal,khari@example.net
customer-00995,Nitesh Chandran,mkakar@example.com
customer-00996,Samar Tandon,sankaranlekha@example.net
customer-00997,Girindra Lala,tejastoor@example.net
customer-00998,Dayita Chauhan,arunima29@example.com
customer-00999,Anya Sarna,elijahbhalla@example.com
customer-01000,Sara Chanda,qarinrattan@example.com
customer-01001,Lekha Chand,nadkarniyashica@example.net
customer-01002,Qabil Sandhu,smagar@example.com
customer-01003,Tanay Vig,anandgunbir@example.com
customer-01004,Omya Gola,bhavini06@example.org
customer-01005,Yutika Behl,cjaggi@example.org
customer-01006,Watika Jain,vedakadakia@example.net
customer-01007,Aayush Zachariah,fbiswas@example.org
customer-01008,Maya Prasad,aarnav20@example.org
customer-01009,Qushi Char,chakradev00@example.org
customer-01010,Zayyan Savant,igulati@example.org
customer-01011,Max Rama,yashodharaloyal@example.net
customer-01012,Vritti Loke,charita62@example.org
customer-01013,Qabil Pant,jananibahri@example.com
customer-01014,Ojasvi Jaggi,jhalak08@example.com
customer-01015,Oliver Bedi,pkumar@example.net
customer-01016,Harish Chana,hgola@example.com
customer-01017,Laban Borde,eta09@example.org
customer-01018,Advik Dar,gaurang22@example.com
customer-01019,Krish Sura,gdoshi@example.org
customer-01020,Leena Mital,netra82@example.com
customer-01021,Jeremiah Hans,jjayaraman@example.org
customer-01022,Eesha Wagle,bmukherjee@example.com
customer-01023,Triya Saini,kotharitamanna@example.com
customer-01024,Yochana Balasubramanian,esinha@example.net
customer-01025,Manthan Divan,jwalla@example.net
customer-01026,Kiaan Rege,pranav80@example.net
customer-01027,Wakeeta Tailor,xitigaba@example.net
customer-01028,Ikbal Sandal,sanghaabeer@example.org
customer-01029,Geetika Dhar,aachal90@example.net
customer-01030,Hritik Wali,umander@example.com
customer-01031,Simon Setty,mandaunnati@example.com
customer-01032,Pallavi Sibal,kkar@example.net
customer-01033,Jackson Mahal,harivihaan@example.com
customer-01034,Finn Andra,girindrabaral@example.org
customer-01035,Jagrati Peri,baghyawatisaxena@example.com
customer-01036,Unni Dugar,vaishnavi38@example.org
customer-01037,Dhriti Puri,mohammeddalia@example.net
customer-01038,Urvi Parmar,isunder@example.org
customer-01039,Jeet Barad,dchandra@example.net
customer-01040,Ayush Swaminathan,sridhargeetika@example.com
customer-01041,Idika Krishna,devionveer@example.org
customer-01042,Yoshita Merchant,raagini80@example.net
customer-01043,Frado Verma,bbalay@example.org
customer-01044,Gaurav Sawhney,girish93@example.com
customer-01045,Kala Vaidya,lthaman@example.org
customer-01046,Harini Kala,yochanajoshi@example.org
customer-01047,Vritti Ravel,pranitvohra@example.net
customer-01048,Urmi Iyer,leenachakraborty@example.net
customer-01049,Anthony Bhakta,varmayashodhara@example.net
customer-01050,Theodore Yogi,aryaleena@example.com
customer-01051,Lucky De,mayasetty@example.org
customer-01052,Om Rajagopalan,teerthbalakrishnan@example.net
customer-01053,Faras Bassi,gaurangi61@example.net
customer-01054,Maanav Nath,reva37@example.com
customer-01055,Avni Jhaveri,hiralpandya@example.org
customer-01056,Abhimanyu Misra,vohrabrinda@example.net
customer-01057,Dakshesh Sheth,shivani66@example.com
customer-01058,Tanvi Ahuja,samarthbarman@example.org
customer-01059,Faraj Ghose,chahalganga@example.org
customer-01060,Girindra Bhardwaj,anusha70@example.com
customer-01061,Vasana Ghosh,henry93@example.com
customer-01062,Bishakha Divan,diyagade@example.net
customer-01063,Arunima Subramaniam,jagratiprabhakar@example.org
customer-01064,Triveni Bal,rohan76@example.net
customer-01065,Yasti Kannan,advaithdada@example.org
customer-01066,Fitan Gour,bishakhabehl@example.net
customer-01067,Qadim Raman,oviyadeshpande@example.net
customer-01068,Aarna Deshmukh,daksheshradhakrishnan@example.org
customer-01069,Oscar Chawla,hparekh@example.com
customer-01070,Harish Varghese,ekaninatarajan@example.org
customer-01071,Aarnav Venkatesh,ddas@example.com
customer-01072,Thomas Jayaraman,andraucchal@example.org
customer-01073,Laban Gill,fsodhi@example.com
customer-01074,Hema Mutti,hredhaanmemon@example.net
customer-01075,Balvan Kashyap,waliasai@example.org
customer-01076,Teerth Yadav,ksodhi@example.com
customer-01077,Tanvi Chaudhuri,xlata@example.org
customer-01078,Vincent Boase,zansikala@example.org
customer-01079,Mohini Barad,zayanbassi@example.org
customer-01080,Amaira Narula,qnanda@example.net
customer-01081,Urmi Suresh,cnarang@example.com
customer-01082,Amruta Chand,watika39@example.com
customer-01083,Tarak Mitter,jayaramanniharika@example.org
customer-01084,Geetika Sengupta,prabhukamala@example.com
customer-01085,Aachal Kar,amolkeer@example.com
customer-01086,Inaya Kumar,janinathan@example.net
customer-01087,Chatura Sule,gunbir70@example.net
customer-01088,Chaitanya Mani,cheemarehaan@example.com
customer-01089,Manbir Hans,gadefiyaz@example.net
customer-01090,Dakshesh Mody,brijesh51@example.net
customer-01091,Quincy Dada,veershetty@example.org
customer-01092,Urmi More,nathanpalan@example.net
customer-01093,Victor Arora,veerwarrior@example.org
customer-01094,Chakrika Randhawa,wchawla@example.net
customer-01095,Jai De,virajdeep@example.net
customer-01096,George Bali,anthony91@example.net
customer-01097,Darpan Vaidya,unnatibhargava@example.com
customer-01098,Baghyawati Devi,ekaraj61@example.com
customer-01099,Atharv Chander,jmohanty@example.org
customer-01100,Rehaan Vaidya,chadhabanjeet@example.com
customer-01101,Brijesh Sahni,chadmitesh@example.com
customer-01102,Yashica Dash,quincy21@example.org
customer-01103,Charan Behl,alexanderthakur@example.net
customer-01104,Farhan Upadhyay,lohit31@example.org
customer-01105,Nikita Sane,xalak73@example.net
customer-01106,Anya Kara,deepchavvi@example.net
customer-01107,Guneet Dugal,awali@example.net
customer-01108,Vritti Ghose,nkunda@example.com
customer-01109,Hitesh Goel,januja09@example.com
customer-01110,Quincy Bala,priya56@example.com
customer-01111,Tanveer Sarna,ymagar@example.org
customer-01112,Harinakshi Choudhary,dkapadia@example.net
customer-01113,Wakeeta Dara,krishanath@example.org
customer-01114,Aadhya Loke,chandresh56@example.net
customer-01115,Omkaar Gokhale,bdass@example.com
customer-01116,Ayushman Bhandari,elijahedwin@example.org
customer-01117,Sneha Nadig,wtara@example.net
customer-01118,Yashodhara Chander,timothy10@example.com
customer-01119,Rudra Iyengar,epillai@example.org
customer-01120,Yadavi Dey,pallavipall@example.org
customer-01121,Gayathri Dhillon,danialexander@example.net
customer-01122,Ojas Dubey,yochana54@example.com
customer-01123,Charita Shan,praneelchanda@example.com
customer-01124,Osha Ramakrishnan,gkamdar@example.com
customer-01125,Faris Kala,ranganathanurmi@example.org
customer-01126,Ganga Chaudhary,nairjairaj@example.com
customer-01127,Sai Mall,michael13@example.net
customer-01128,Abha Nori,ajoshi@example.org
customer-01129,Varsha Murthy,sanne@example.net
customer-01130,Yochana Minhas,jacobgole@example.net
customer-01131,Lajita Pandya,kumarshaurya@example.org
customer-01132,Tarak Chada,lekha13@example.com
customer-01133,Oscar Murty,pbuch@example.com
customer-01134,Nirja Prabhakar,dalbirborah@example.org
customer-01135,Arya Lalla,patelpeter@example.net
customer-01136,Nathaniel Mall,hemangsinha@example.com
customer-01137,Anamika Kunda,idika42@example.com
customer-01138,Eiravati Chaudhary,shravyadalia@example.net
customer-01139,Bhavya Mitter,vasudhaagrawal@example.com
customer-01140,Meera Peri,zbatra@example.org
customer-01141,Yauvani Chaudhry,kravel@example.com
customer-01142,Sachi Balan,edhitha34@example.com
customer-01143,Osha Agrawal,farajbalan@example.org
customer-01144,Hardik Bahl,rajdevika@example.org
customer-01145,Adweta Sarna,alka25@example.org
customer-01146,Abhimanyu Chakraborty,yadavayushman@example.net
customer-01147,Nitesh Parsa,nakshtalwar@example.org
customer-01148,Jagvi Kapadia,rastogisamarth@example.net
customer-01149,Rajata Mander,tkrishna@example.org
customer-01150,Meghana Bora,quincy26@example.com
customer-01151,David Mall,gauravraja@example.com
customer-01152,Bakhshi Pradhan,chakradharnadig@example.com
customer-01153,Hredhaan Mander,basudarpan@example.com
customer-01154,Abha Keer,parsaupasna@example.net
customer-01155,Ekansh Shan,darpansuri@example.com
customer-01156,Omisha Chanda,pushti85@example.org
customer-01157,Faris Borra,frado52@example.com
customer-01158,Alka Kapadia,kantmeghana@example.org
customer-01159,Gabriel Bassi,indrajit30@example.net
customer-01160,Anmol Sani,aadhya99@example.net
customer-01161,Radhika Verma,pathakoni@example.net
customer-01162,Ishaan Sarma,dhawankritika@example.com
customer-01163,Sachi Talwar,keyawali@example.org
customer-01164,Azad Bhargava,dasguptaorinder@example.org
customer-01165,Kalpit Nair,munshireva@example.org
customer-01166,Anita Srinivas,kpall@example.org
customer-01167,Anamika Nagi,guneetmannan@example.org
customer-01168,Krish Jayaraman,zaid99@example.com
customer-01169,Christopher Gokhale,sachdevkevin@example.com
customer-01170,Utkarsh Chowdhury,zsankaran@example.org
customer-01171,Janya Sarkar,ekansh88@example.com
customer-01172,Indrajit Talwar,lavanyakashyap@example.org
customer-01173,Liam Dash,hprabhakar@example.net
customer-01174,Anamika Toor,vedhikawarrior@example.net
customer-01175,Zinal Bir,xreddy@example.com
customer-01176,Vamakshi Basu,nwalia@example.com
customer-01177,Adya Kulkarni,tsankaran@example.com
customer-01178,Victor Tank,devanshshanker@example.org
customer-01179,Tara Karnik,nicholasbava@example.org
customer-01180,Amol Sawhney,maniadya@example.net
customer-01181,Yashoda Sankar,fradonazareth@example.net
customer-01182,Omya Ranganathan,ekalinga73@example.net
customer-01183,Tanish Subramanian,sahayashodhara@example.com
customer-01184,Ryan Narula,yachanaganguly@example.net
customer-01185,Ishaan Baria,janakinaik@example.com
customer-01186,Raksha Malhotra,ijaya47@example.net
customer-01187,Avi Bhagat,vedikalall@example.net
customer-01188,Yauvani Misra,sodhisara@example.com
customer-01189,Hemang Puri,harish10@example.org
customer-01190,Isha Sura,dwarrior@example.net
customer-01191,Qadim Anne,etashetty@example.com
customer-01192,Karan Suri,sai12@example.org
customer-01193,Nilima Chhabra,brinda86@example.com
customer-01194,Christopher Venkatesh,jbandi@example.com
customer-01195,Jeet Kant,triveni19@example.com
customer-01196,Vincent Deo,bkashyap@example.net
customer-01197,Charvi Dasgupta,udanttaneja@example.com
customer-01198,Hitesh Chand,edwinjanaki@example.com
customer-01199,Divya Khurana,nbrahmbhatt@example.org
customer-01200,Farhan Dhar,warjas85@example.com
customer-01201,Vedhika Bansal,parekhzilmil@example.org
customer-01202,Saksham Upadhyay,csastry@example.com
customer-01203,Lakshmi Agarwal,obhalla@example.net
customer-01204,Yuvraj Ravel,sbali@example.org
customer-01205,Patrick Virk,samar27@example.net
customer-01206,Chatresh Mistry,ibakshi@example.org
customer-01207,Rudra Keer,randhawaekapad@example.com
customer-01208,Anika Kalla,nazarethbarkha@example.org
customer-01209,Upasna Toor,lmall@example.com
customer-01210,Yauvani Sharaf,vahuja@example.net
customer-01211,Hemangini Parekh,qasimkala@example.net
customer-01212,Panini Iyengar,ukapoor@example.com
customer-01213,Anthony Pathak,kannanonveer@example.com
customer-01214,Manan Zachariah,raythomas@example.com
customer-01215,Bakhshi Nagarajan,lrama@example.net
customer-01216,Ikshita Dara,hritik61@example.com
customer-01217,Jason Bora,osha87@example.org
customer-01218,Zarna Sidhu,nathaniel30@example.org
customer-01219,Jacob Deep,kumaryoshita@example.com
customer-01220,Pahal Pillay,ethanbalay@example.net
customer-01221,Harrison Mane,yashicasrinivasan@example.com
customer-01222,Sai Cheema,hemanginiswaminathan@example.com
customer-01223,Charita Sarraf,idara@example.com
customer-01224,Anirudh Kaur,ramaswamyanusha@example.org
customer-01225,Saksham Yohannan,ansh61@example.org
customer-01226,Oni Krishna,skala@example.com
customer-01227,Nirja Balakrishnan,kabiragrawal@example.org
customer-01228,Wazir Menon,praneelkanda@example.org
customer-01229,Anusha Gandhi,usarin@example.com
customer-01230,Lekha Badal,dalaja21@example.org
customer-01231,Farhan Dalal,valatanvi@example.org
customer-01232,Advay Handa,joshilibni@example.org
customer-01233,Neha Kala,wrandhawa@example.net
customer-01234,Janani Choudhury,siyabala@example.org
customer-01235,Lopa Dewan,goeladvaith@example.net
customer-01236,Ekantika Vora,zkrish@example.org
customer-01237,Dev Amble,chandranvrishti@example.com
customer-01238,Vivaan Kibe,ijain@example.org
customer-01239,Xalak Rege,goleekaraj@example.org
customer-01240,Daksha Talwar,andrahardik@example.com
customer-01241,Bhanumati Dube,bhattupkaar@example.org
customer-01242,Imaran Tak,vchhabra@example.org
customer-01243,Yahvi Saran,warjas82@example.org
customer-01244,Pallavi Dayal,xkhatri@example.net
customer-01245,Balendra Ray,panditgaurangi@example.com
customer-01246,Osha Contractor,rishikant@example.net
customer-01247,Aashi Venkataraman,psangha@example.net
customer-01248,Qadim Karan,jananichokshi@example.com
customer-01249,Nitara Padmanabhan,vasana31@example.com
customer-01250,Karan Sem,owengandhi@example.org
customer-01251,Pavani Kulkarni,bkota@example.net
customer-01252,Chasmum Bhatt,mpall@example.org
customer-01253,Yoshita Saha,nbaria@example.com
customer-01254,Kashvi Vyas,jeetdhingra@example.net
customer-01255,Raksha Kapoor,falaksaran@example.net
customer-01256,Yahvi Kannan,mhayer@example.com
customer-01257,Joshua Bassi,kevinsidhu@example.org
customer-01258,Joshua Savant,bhardwajveer@example.com
customer-01259,Tanveer Venkataraman,vincentdugar@example.net
customer-01260,Jack Randhawa,hsachdeva@example.net
customer-01261,Eesha Kaur,sabharwalishwar@example.com
customer-01262,Zaid Kohli,bajajarya@example.net
customer-01263,Harshil Buch,vincentmistry@example.net
customer-01264,Yash Narang,spal@example.com
customer-01265,Anita Viswanathan,falan10@example.net
customer-01266,Kabir Loke,gkapur@example.org
customer-01267,Mohammed Kurian,aggarwalraghav@example.com
customer-01268,Andrew Om,hbandi@example.org
customer-01269,Hardik Mand,mohini21@example.net
customer-01270,Advika Deep,hsavant@example.net
customer-01271,Radha More,murtyhemani@example.org
customer-01272,Aryan Mittal,lukesarna@example.org
customer-01273,Chatresh Thakkar,rajagopalpraneel@example.net
customer-01274,Nakul Iyengar,poojakoshy@example.net
customer-01275,Balendra Chhabra,thomasradhakrishnan@example.net
customer-01276,Chandani Bali,ikbal98@example.com
customer-01277,Baghyawati Rao,yastisinghal@example.com
customer-01278,Aradhana Koshy,shivanipalla@example.net
customer-01279,Zaitra Parmer,qkata@example.net
customer-01280,Gayathri Dutt,gopaljaggi@example.com
customer-01281,Vedant Varughese,laban91@example.com
customer-01282,Januja Grewal,rpalla@example.org
customer-01283,Upma Mammen,reyansh87@example.org
customer-01284,Xalak Borra,kevinanand@example.net
customer-01285,Vinaya Soman,devansh05@example.net
customer-01286,Anmol Agrawal,udhar@example.org
customer-01287,Yahvi Pradhan,ramanathanjackson@example.org
customer-01288,Triveni Sehgal,lmenon@example.org
customer-01289,Jagdish Seth,djohal@example.net
customer-01290,Zaitra Bajwa,swalia@example.org
customer-01291,Udarsh Jani,wlanka@example.net
customer-01292,Ikshita Seshadri,golavritti@example.net
customer-01293,Chatresh Sagar,gsrinivas@example.net
customer-01294,Christopher Bava,dhillonurvi@example.org
customer-01295,Ojas Goswami,dattamax@example.com
customer-01296,Kalpit Sampath,braraadhya@example.com
customer-01297,Max Sharaf,waliaharini@example.net
customer-01298,Jagrati Bose,nmistry@example.com
customer-01299,Ansh Chaudhari,bmunshi@example.com
customer-01300,Gauri Prabhakar,adyakaran@example.net
customer-01301,Samesh Ganesan,xalak26@example.org
customer-01302,Geetika Sastry,vansha07@example.com
customer-01303,Harshil Kale,hemangkala@example.org
customer-01304,Jackson Cherian,zmane@example.net
customer-01305,Oni Seth,sunderumang@example.org
customer-01306,Gaurika Gulati,bhavini72@example.com
customer-01307,Amara Prakash,ovig@example.org
customer-01308,Sarthak Parmar,anvi45@example.net
customer-01309,Anika Kurian,xshanker@example.org
customer-01310,Dakshesh Bhattacharyya,chaudharidhriti@example.org
customer-01311,Radha Mody,chandaviraj@example.org
customer-01312,Zehaan Shah,banjeetranganathan@example.net
customer-01313,Lopa Bhatia,patrick10@example.org
customer-01314,Hitesh Gade,mitali31@example.org
customer-01315,Nilima Walla,radha03@example.net
customer-01316,Dayamai Upadhyay,koshyjagvi@example.org
customer-01317,Vidhi Oommen,davidratta@example.com
customer-01318,Chakradhar Khurana,annevarsha@example.com
customer-01319,Jyoti Panchal,benkiaan@example.com
customer-01320,Chanakya Halder,samarmunshi@example.org
customer-01321,Jagrati Choudhury,rattianika@example.net
customer-01322,Laban Keer,dasskalpit@example.com
customer-01323,Omkaar Khare,zmitter@example.org
customer-01324,Edhitha Minhas,virajparikh@example.net
customer-01325,Ojas Mohanty,sibalgirish@example.net
customer-01326,Geetika Dugal,kavyapal@example.org
customer-01327,Odika Gera,pavanijaggi@example.org
customer-01328,Laban Atwal,advikdua@example.org
customer-01329,Gaurang Dugal,hritik29@example.net
customer-01330,Daksha Zacharia,ranganathanlakshit@example.net
customer-01331,Chandani Mody,henryrajagopal@example.org
customer-01332,Ryan Bassi,gunbir73@example.net
customer-01333,Dominic Venkatesh,planka@example.org
customer-01334,Falan Deshmukh,bansalforum@example.com
customer-01335,Yachana Khalsa,isrinivasan@example.com
customer-01336,Gaurika Kibe,mpandya@example.org
customer-01337,Robert Bawa,gopaltara@example.com
customer-01338,Yash Kothari,radha09@example.net
customer-01339,Rohan Ghosh,zdada@example.com
customer-01340,Yashica Rama,baghyawati24@example.org
customer-01341,Yatan Rege,gauranghalder@example.org
customer-01342,Raghav Ramachandran,cheemaedhitha@example.net
customer-01343,Zashil Goswami,janaki20@example.org
customer-01344,Bakhshi Kashyap,lgala@example.com
customer-01345,Laksh Dua,khalsasamuel@example.com
customer-01346,Hema Andra,naidujanaki@example.net
customer-01347,Harish Palan,xalaknigam@example.net
customer-01348,Gayathri Sarraf,nathaniel20@example.net
customer-01349,Timothy Wagle,bariaubika@example.net
customer-01350,Chanchal Suri,cbalakrishnan@example.com
customer-01351,Yashvi Kapoor,npillai@example.org
customer-01352,Dhriti Morar,harinichaudry@example.net
customer-01353,Dakshesh Chakrabarti,iramachandran@example.org
customer-01354,Noah Raj,tejas25@example.org
customer-01355,Samuel More,priya09@example.net
customer-01356,Azaan Pandya,nairmadhav@example.net
customer-01357,Qushi Banerjee,tchauhan@example.net
customer-01358,Yauvani Halder,kotharisathvik@example.net
customer-01359,Yatan Ahluwalia,kritikaluthra@example.com
customer-01360,Yutika Chandra,sekhonprisha@example.net
customer-01361,Gautam Mukherjee,urishillasura@example.org
customer-01362,Widisha Ravi,sandhumohini@example.com
customer-01363,Timothy Kara,samakshkade@example.com
customer-01364,Kamya Sibal,karitanvi@example.com
customer-01365,Girik Sehgal,raagini73@example.org
customer-01366,Michael Sandhu,yagnesh87@example.com
customer-01367,Osha Rama,ayush56@example.com
customer-01368,Januja Kulkarni,anitatripathi@example.net
customer-01369,William Din,sneha84@example.net
customer-01370,Megha Nayak,pahal87@example.com
customer-01371,Joshua Dara,morerayaan@example.net
customer-01372,Nikita Upadhyay,mpal@example.net
customer-01373,Triya Bajaj,ayushmanlala@example.net
customer-01374,Nitara Ratti,vasana77@example.net
customer-01375,Zehaan Mukherjee,wgarde@example.org
customer-01376,Urvashi Krishna,kamyabose@example.net
customer-01377,Manthan Kala,hemanisaxena@example.org
customer-01378,Nisha Gala,asama@example.org
customer-01379,Nidra Natarajan,aadi47@example.net
customer-01380,Urvi Vohra,widisha08@example.org
customer-01381,Zilmil Dar,ysavant@example.com
customer-01382,Darpan Kuruvilla,ronith20@example.org
customer-01383,Orinder Pau,fmadan@example.net
customer-01384,Yug Raju,yashodadara@example.com
customer-01385,Nilima Mane,jasmitsarma@example.com
customer-01386,Waida Taneja,dasguptachaaya@example.net
customer-01387,Girindra Parsa,srivastavasanya@example.net
customer-01388,Ekansh Venkataraman,valayashvi@example.net
customer-01389,Madhavi Deshpande,meeradayal@example.net
customer-01390,Kamya Rajagopal,xbasak@example.net
customer-01391,Laksh Karpe,nidhiganesan@example.net
customer-01392,Rajeshri Pandit,anthony57@example.net
customer-01393,Jack Sarna,narulavarenya@example.net
customer-01394,Tanmayi Prasad,saikaran@example.org
customer-01395,Zayan Das,diya46@example.org
customer-01396,George Deep,kkamdar@example.com
customer-01397,Chavvi Munshi,samaksh87@example.org
customer-01398,Leela Narayan,kashvijohal@example.org
customer-01399,Riya Balan,dominicbalay@example.net
customer-01400,Gautami Nadkarni,oeshibala@example.org
customer-01401,Leena Prasad,eparikh@example.net
customer-01402,Oliver Bahl,apteviraj@example.com
customer-01403,Warjas Agarwal,rachita09@example.org
customer-01404,Rudra Setty,rajugayathri@example.com
customer-01405,Manbir Balan,dalbirapte@example.net
customer-01406,Raghav Gole,advikarya@example.com
customer-01407,Keya Lall,sneha00@example.com
customer-01408,Dev Khurana,tanaywason@example.net
customer-01409,Amruta Char,victorchhabra@example.com
customer-01410,Kalpit Johal,tatawatika@example.org
customer-01411,Hemani Chand,qdasgupta@example.org
customer-01412,Nimrat Sarma,duttradha@example.com
customer-01413,Anay Dube,pchokshi@example.net
customer-01414,Varsha Sahni,mannyatin@example.net
customer-01415,Rajeshri Venkataraman,gshenoy@example.net
customer-01416,Unni Ahluwalia,gadeyashoda@example.net
customer-01417,Amara Dani,faraj02@example.net
customer-01418,Nachiket Dixit,jshenoy@example.com
customer-01419,Ira Toor,anvimandal@example.org
customer-01420,Vihaan Das,qadim90@example.net
customer-01421,Samarth Chowdhury,aayushkhosla@example.org
customer-01422,Bhavika Bava,goururvashi@example.org
customer-01423,Bimala Ganguly,raghavmand@example.com
customer-01424,Zaid Gera,sibaljagat@example.com
customer-01425,Sudiksha Bumb,zparmer@example.org
customer-01426,Qarin Oak,neelima54@example.net
customer-01427,Ishaan Uppal,ikshitanarula@example.com
customer-01428,Harsh Sagar,bgoel@example.org
customer-01429,Dhruv Kalla,hjayaraman@example.org
customer-01430,Hemang More,lakshitjha@example.com
customer-01431,Nikita Bal,veer35@example.org
customer-01432,Nathan Sarkar,manegunbir@example.com
customer-01433,Sneha Gola,soniqarin@example.org
customer-01434,Niharika Kade,urvisathe@example.net
customer-01435,Xalak Ben,banjeetdevi@example.net
customer-01436,Shravya Arya,kraman@example.net
customer-01437,Nidra Saran,oakekansh@example.net
customer-01438,Zehaan Sahni,hredhaanbhatia@example.net
customer-01439,Nikita Kalita,ranayash@example.org
customer-01440,Ayush Bajaj,indrajit46@example.net
customer-01441,Anusha Saha,devansh73@example.org
customer-01442,Ayaan Sarna,sibalsarthak@example.net
customer-01443,Dayita Sampath,yashasvidin@example.com
customer-01444,Yagnesh Shenoy,tarak62@example.org
customer-01445,Farhan Buch,jairaj43@example.com
customer-01446,Liam Mahajan,pillaiurmi@example.net
customer-01447,Omya Gandhi,garima60@example.org
customer-01448,Andrew Issac,zinaljhaveri@example.org
customer-01449,Jeremiah Kannan,boseabhimanyu@example.org
customer-01450,Rachit Ravel,khannaomkaar@example.org
customer-01451,Aashi Munshi,bwali@example.net
customer-01452,Shivani Nazareth,anamika10@example.org
customer-01453,Hardik Morar,lmahal@example.org
customer-01454,Yoshita Nadig,yash07@example.org
customer-01455,Timothy Bawa,fdua@example.net
customer-01456,Atharv Prashad,nitarakumer@example.org
customer-01457,Onkar Buch,tloke@example.org
customer-01458,Lucky Prabhu,sacharucchal@example.net
customer-01459,Advik Sura,parmerkritika@example.org
customer-01460,Krisha Kala,vaishnavi93@example.org
customer-01461,Upasna Nagi,bgera@example.com
customer-01462,Chaman Garg,damini69@example.org
customer-01463,Naksh Apte,samaksh25@example.org
customer-01464,Radha Dhar,bhavna14@example.org
customer-01465,Tristan Khosla,urvashi62@example.com
customer-01466,Aarna Anand,beraadweta@example.net
customer-01467,Faqid Kant,rajuinaya@example.net
customer-01468,Kalpit Baria,panchalkashvi@example.org
customer-01469,Krish Sinha,bgoel@example.net
customer-01470,Manthan Karnik,andrew54@example.net
customer-01471,Fitan Talwar,bkaur@example.org
customer-01472,Balveer Din,yatankant@example.org
customer-01473,Zinal Banerjee,zgarg@example.org
customer-01474,Wahab Anne,arinkapoor@example.com
customer-01475,Lipika Jayaraman,inayadube@example.com
customer-01476,Yashica Bath,odevi@example.net
customer-01477,Ekani Chaudhari,usura@example.com
customer-01478,Hema Pall,mangatbhavika@example.net
customer-01479,Jeet More,htara@example.org
customer-01480,Dalaja Sahota,khalsaleela@example.org
customer-01481,Arin Sant,nshroff@example.net
customer-01482,Chanchal Chaudhari,aryan66@example.com
customer-01483,Dhruv Hayer,davearadhana@example.org
customer-01484,Darpan Zachariah,snehatiwari@example.org
customer-01485,Frado Prabhakar,nimrat32@example.net
customer-01486,Omisha Manne,jeevika32@example.org
customer-01487,Libni Saxena,badamidiya@example.net
customer-01488,Peter Bhatnagar,dominicbandi@example.org
customer-01489,Yadavi Korpal,bkulkarni@example.com
customer-01490,Vasatika Sundaram,ojasrao@example.net
customer-01491,Ekavir Ravi,fminhas@example.com
customer-01492,Imaran Bhandari,alka42@example.com
customer-01493,Edhitha Saha,mannarunima@example.com
customer-01494,Tanay Mittal,adwetagopal@example.net
customer-01495,Upkaar Barman,mohantyamara@example.net
customer-01496,Nilima Palan,jagvisen@example.org
customer-01497,Harsh Sarma,ryangopal@example.org
customer-01498,Kamya Chaudhuri,ijayabains@example.com
customer-01499,Yashodhara Savant,faraj96@example.com
customer-01500,Qabil Sathe,clala@example.net
customer-01501,Anya Dash,nvarma@example.org
customer-01502,Yashoda Bora,gadevansha@example.org
customer-01503,Pavani Balakrishnan,kbalan@example.org
customer-01504,Meghana Dhaliwal,madhav53@example.com
customer-01505,Reva Dayal,mravi@example.com
customer-01506,Samuel Parsa,balhaar07@example.org
customer-01507,Anvi Iyer,yugsem@example.org
customer-01508,Chakradev Chand,harshil37@example.org
customer-01509,Ekanta Din,tsheth@example.org
customer-01510,Yasti Taneja,bhavanijain@example.net
customer-01511,Tanmayi Luthra,eesha60@example.net
customer-01512,Indali Tailor,baltriveni@example.com
customer-01513,Lekha Sen,saniekaraj@example.org
customer-01514,Onkar Mitter,ekapad00@example.org
customer-01515,Vritti Jha,advay08@example.net
customer-01516,Hemal Solanki,biswasdarpan@example.org
customer-01517,Robert Deol,iyengargaurika@example.net
customer-01518,Daksh Jhaveri,wramachandran@example.org
customer-01519,Patrick Arya,fpandit@example.net
customer-01520,Gautami Bhagat,guptaojas@example.org
customer-01521,Ekavir Mannan,urvichokshi@example.net
customer-01522,Vasudha Ganesan,choudharychandresh@example.com
customer-01523,Viraj Kalita,xvaidya@example.net
customer-01524,Qasim Konda,jmane@example.net
customer-01525,Gunbir Date,qabilpillay@example.org
customer-01526,Sathvik Banik,qchhabra@example.org
customer-01527,Dalaja Gaba,darpan37@example.org
customer-01528,Luke Raman,jackprakash@example.net
customer-01529,Udyati Kota,isha11@example.net
customer-01530,Hemani Singhal,bhagatchavvi@example.net
customer-01531,Aarna Desai,kbhardwaj@example.com
customer-01532,Saksham Cherian,odika20@example.org
customer-01533,Chaman Patel,bdoctor@example.com
customer-01534,Raghav Choudhry,abhiram73@example.org
customer-01535,Mekhala Ratta,kannanfalak@example.net
customer-01536,Vasana Dewan,zdutt@example.net
customer-01537,Omya Andra,keyavarty@example.com
customer-01538,Chavvi Krishnan,jhalak14@example.org
customer-01539,Ishaan Chaudhry,sankarkamala@example.net
customer-01540,Faras Natt,deshmukhharinakshi@example.com
customer-01541,Arunima Dey,chasmumtella@example.net
customer-01542,Maya Hayre,shahtanmayi@example.org
customer-01543,Jairaj Balay,mitali96@example.com
customer-01544,Ayaan Luthra,mitesh18@example.org
customer-01545,Patrick Natarajan,mahikaaggarwal@example.com
customer-01546,Nandini Handa,aarnav84@example.com
customer-01547,Wakeeta Kapur,dalaja90@example.com
customer-01548,Charvi Narang,radhabadami@example.net
customer-01549,Ridhi Rajagopal,hiralnanda@example.org
customer-01550,Aryan Desai,nmukherjee@example.net
customer-01551,Ekansh Deshmukh,wshroff@example.org
customer-01552,Bachittar Sankaran,xkala@example.net
customer-01553,Andrew Kulkarni,odika81@example.org
customer-01554,Chatura Sahota,vasatika94@example.org
customer-01555,Omisha Toor,jairaj19@example.net
customer-01556,Parth Sem,hbansal@example.org
customer-01557,Charles Ray,chadanakul@example.com
customer-01558,Aradhana Sahni,saanvinigam@example.net
customer-01559,Faris Kumar,okeer@example.org
customer-01560,Anjali Chowdhury,ravelpranav@example.com
customer-01561,Arin Dara,oni81@example.com
customer-01562,Kashish Mani,nikita05@example.org
customer-01563,Tejas Mitra,peterverma@example.org
customer-01564,Bhavini Aurora,avnideshpande@example.net
customer-01565,Chakradhar Samra,geetikamemon@example.com
customer-01566,Nidhi Kurian,buchjairaj@example.net
customer-01567,Irya Wason,vbhandari@example.net
customer-01568,Raagini Dass,roysarthak@example.net
customer-01569,Anay Swamy,onilal@example.net
customer-01570,Om Sangha,mistrydarpan@example.net
customer-01571,Sai Bhatt,abhimanyu71@example.org
customer-01572,Amruta Dhaliwal,tankaashi@example.org
customer-01573,Bhavna Yohannan,gavin39@example.net
customer-01574,Triya Pillai,kdas@example.com
customer-01575,Vinaya Sami,vyanjanakade@example.com
customer-01576,Janaki Sampath,bajwaowen@example.com
customer-01577,Wakeeta Cherian,qabil56@example.com
customer-01578,Alka Dewan,inaya20@example.net
customer-01579,Aadi Jani,ikshita59@example.org
customer-01580,Victor Murthy,hiral39@example.org
customer-01581,Kritika Tandon,lkhare@example.org
customer-01582,Aishani Choudhary,masteryochana@example.com
customer-01583,Pallavi Agrawal,desaineel@example.net
customer-01584,Gavin Bose,mitali07@example.net
customer-01585,Max Batra,sabharwalharish@example.org
customer-01586,Rajata Sidhu,wriddhishhora@example.net
customer-01587,Ryan Karan,lankasamuel@example.com
customer-01588,Upma Halder,devansh21@example.net
customer-01589,Samar Yogi,mitali61@example.org
customer-01590,Caleb Aggarwal,fitan31@example.com
customer-01591,Xiti Sarna,cperi@example.com
customer-01592,Tara Bahl,cvarghese@example.org
customer-01593,Yoshita Divan,danikrisha@example.net
customer-01594,Wriddhish Badami,warhishankar@example.net
customer-01595,Chaitaly Mallick,gdasgupta@example.net
customer-01596,Michael Raj,prisharamakrishnan@example.org
customer-01597,Kashvi Deep,anamika60@example.org
customer-01598,Kritika Raman,bachittar82@example.net
customer-01599,Hardik Ganesan,unnati64@example.net
customer-01600,Amrita Deep,rachanakade@example.com
customer-01601,Pranit Lad,ymallick@example.com
customer-01602,Charvi Sanghvi,ubikakarpe@example.net
customer-01603,Hardik Puri,rajkrishna@example.org
customer-01604,Charita Sethi,bhattijatin@example.com
customer-01605,Lopa Mani,psaxena@example.org
customer-01606,Onkar Srivastava,kramesh@example.net
customer-01607,Keya Deep,hemakala@example.com
customer-01608,Chanakya Setty,gavinuppal@example.org
customer-01609,Chakradev Raval,birpavani@example.org
customer-01610,Anay Dara,henrygarde@example.net
customer-01611,Simon Jaggi,viswanathanjai@example.com
customer-01612,Vinaya Brahmbhatt,kondaladli@example.com
customer-01613,Kiaan Mishra,hben@example.org
customer-01614,Sathvik Sura,ekta90@example.org
customer-01615,Rehaan Malhotra,lohitbath@example.net
customer-01616,Damini Gupta,varkeyhemal@example.net
customer-01617,Frederick Saha,sneha79@example.com
customer-01618,Nandini Kurian,hatwal@example.net
customer-01619,Rajata Prasad,vmahal@example.org
customer-01620,Samaksh Karnik,merchanthiral@example.net
customer-01621,Joshua Ramesh,damini97@example.com
customer-01622,Nitesh Saini,subramanianarya@example.org
customer-01623,Priya Chanda,hkota@example.org
customer-01624,Brijesh Sane,lhari@example.net
customer-01625,Sathvik Sami,adweta32@example.net
customer-01626,Arya Kota,indirashan@example.org
customer-01627,Nihal Palan,fsarna@example.org
customer-01628,Lohit Ganguly,tanvibose@example.net
customer-01629,William Reddy,manddipta@example.net
customer-01630,Balveer Lal,jayaramanxalak@example.org
customer-01631,Sneha Subramaniam,praneel39@example.net
customer-01632,Naveen Venkatesh,mkota@example.org
customer-01633,Dhriti Ravi,oviyabhatt@example.com
customer-01634,Dhriti Basu,unnatichana@example.org
customer-01635,Gauri Chatterjee,sai32@example.com
customer-01636,Zinal Kumer,vohrawazir@example.net
customer-01637,Chaitaly Memon,revamurthy@example.net
customer-01638,Gaurika Chaudhary,onagy@example.org
customer-01639,Aditya Nori,dalalchanchal@example.com
customer-01640,Hardik Chaudhary,wkashyap@example.com
customer-01641,Forum Kohli,ekantika94@example.net
customer-01642,Omya Divan,rastogiaashi@example.com
customer-01643,Qushi Singh,kluthra@example.com
customer-01644,Nathaniel Raval,nandaaarush@example.net
customer-01645,Chaitanya Pingle,obhagat@example.org
customer-01646,Harshil Vohra,tripathipratyush@example.org
customer-01647,Krishna Nagar,chadazashil@example.net
customer-01648,Jagat Mand,bahadurjitravel@example.org
customer-01649,Raksha Wali,manbir97@example.net
customer-01650,Guneet Kaur,nmunshi@example.com
customer-01651,Vasatika Mutti,omvictor@example.org
customer-01652,Damini Butala,jasonseshadri@example.net
customer-01653,Faris Dara,hgoswami@example.com
customer-01654,Janani Palla,eshana66@example.com
customer-01655,Alka Pandey,dhillontamanna@example.com
customer-01656,Samaksh Bhatia,urvibera@example.net
customer-01657,Jyoti Rastogi,yashasviganguly@example.org
customer-01658,Robert Nagarajan,niharikamahal@example.com
customer-01659,Wahab Taneja,golajackson@example.net
customer-01660,Jeevika Natt,soninisha@example.com
customer-01661,Janya Contractor,rudra09@example.org
customer-01662,Deepa Sidhu,azaansahota@example.com
customer-01663,Vrishti Srinivas,rachana82@example.com
customer-01664,Aradhana Sama,brinda18@example.com
customer-01665,Falak Dugal,devanshpatla@example.net
customer-01666,Dipta Murthy,rpingle@example.com
customer-01667,Zayyan Padmanabhan,ikshita93@example.net
customer-01668,Faris Suresh,faraj84@example.net
customer-01669,Liam Thakkar,widisha91@example.org
customer-01670,Veer Merchant,jairajsolanki@example.net
customer-01671,Champak Kale,aryanbal@example.org
customer-01672,Daksha Parekh,jedwin@example.com
customer-01673,Unnati D’Alia,anita45@example.com
customer-01674,Yauvani Wali,chatura66@example.com
customer-01675,Ekaja Mani,ryangrewal@example.org
customer-01676,Rushil Srinivas,upkaar53@example.com
customer-01677,Advay Issac,benunni@example.org
customer-01678,Samesh Gulati,arunima69@example.org
customer-01679,Alexander Chokshi,pushtipalla@example.net
customer-01680,Joshua Bains,sarrafchasmum@example.org
customer-01681,Tanvi Borah,rpandya@example.org
customer-01682,Yutika Samra,kalanadig@example.net
customer-01683,Imaran Halder,bhavani12@example.com
customer-01684,Simon Palla,tarakchowdhury@example.org
customer-01685,Yash Jha,tristan54@example.net
customer-01686,Ronith Yohannan,chhabrajoshua@example.net
customer-01687,Xavier Das,manthan04@example.com
customer-01688,Tanay Cheema,zyadav@example.org
customer-01689,Ekapad Dutta,desaibalendra@example.com
customer-01690,Aayush Soni,shivani26@example.org
customer-01691,Vihaan Babu,naveen10@example.net
customer-01692,Tanish Gala,sathvikborra@example.net
customer-01693,Sara Mander,bhavinikrishna@example.org
customer-01694,Owen Parmer,upmamukhopadhyay@example.com
customer-01695,Varenya Mandal,sai78@example.net
customer-01696,Jagdish Shenoy,jasmitrajagopalan@example.org
customer-01697,Libni Panchal,zdash@example.net
customer-01698,Suhani Ray,shettyadya@example.com
customer-01699,Lipika Chaudhary,dhaliwaljoshua@example.org
customer-01700,Samarth Badami,ronithkara@example.org
customer-01701,Wishi Kalita,calebshroff@example.com
customer-01702,Vrishti Ramesh,latatanmayi@example.net
customer-01703,Sanaya Loke,mohammedshroff@example.org
customer-01704,Dev Kalla,subramaniamcharvi@example.net
customer-01705,Tejas Yohannan,tamble@example.net
customer-01706,Varsha Vala,tanay87@example.net
customer-01707,Isha Bera,daksheshsha@example.com
customer-01708,Abhimanyu Som,pavani44@example.com
customer-01709,Gaurika Mane,znigam@example.net
customer-01710,Aachal Butala,bansalchanchal@example.net
customer-01711,Samuel Joshi,tamannawali@example.org
customer-01712,Tristan Morar,chaudharimohammed@example.com
customer-01713,Eshana Bal,gaurikagokhale@example.net
customer-01714,Chatresh Thaker,ykapur@example.org
customer-01715,Nitesh Palla,rsathe@example.org
customer-01716,Warinder Sawhney,lalmason@example.net
customer-01717,Umang Vora,williampatil@example.com
customer-01718,Vamakshi Natt,ndhillon@example.org
customer-01719,Charles Suri,andraekanta@example.net
customer-01720,Vasatika Gupta,nadkarnigautami@example.net
customer-01721,Daksha Venkataraman,harrisonbhatia@example.net
customer-01722,Peter Kunda,ybatra@example.org
customer-01723,Eesha Talwar,ekulkarni@example.net
customer-01724,Udant Kakar,thomas92@example.com
customer-01725,Chameli D’Alia,mandavrishti@example.com
customer-01726,Vedhika Kannan,obhavsar@example.net
customer-01727,Arjun Nath,krishnasane@example.net
customer-01728,Avi Tella,vasanahayre@example.net
customer-01729,Theodore Sangha,amarakurian@example.com
customer-01730,Vanya Hans,gabriel90@example.org
customer-01731,Anamika Sharma,kumaromkaar@example.org
customer-01732,Mekhala Raval,fmital@example.org
customer-01733,Ekaraj Atwal,matthew78@example.com
customer-01734,Rishi Sawhney,ethan74@example.com
customer-01735,Frederick Mann,pranavbhalla@example.net
customer-01736,Pushti Sachar,swaminathangirindra@example.net
customer-01737,Suhani Dhaliwal,rehaansur@example.com
customer-01738,Anay Char,jhalakdeep@example.org
customer-01739,Lohit Chaudhary,ladli03@example.net
customer-01740,Pooja Iyer,kondaekani@example.org
customer-01741,Vyanjana Devan,keerandrew@example.org
customer-01742,Yashica Chakraborty,bagarwal@example.net
customer-01743,Baghyawati Karpe,shaurya77@example.org
customer-01744,Naveen Ramesh,qanne@example.com
customer-01745,Aradhana Dara,cshankar@example.net
customer-01746,Amaira Sur,chanafaris@example.com
customer-01747,Ayushman Bassi,upkaar07@example.com
customer-01748,Yasti Oommen,wsachar@example.com
customer-01749,Rachana Dixit,kboase@example.org
customer-01750,Abdul Choudhry,amairapuri@example.net
customer-01751,Ekavir Bawa,keerpraneel@example.net
customer-01752,Sara Tella,subramaniammaanas@example.net
customer-01753,Isaiah Randhawa,ladlisastry@example.org
customer-01754,Oliver Apte,yashodhara67@example.com
customer-01755,Jagrati Sahni,eanand@example.com
customer-01756,Warda Sabharwal,radharadhakrishnan@example.org
customer-01757,Parth Sawhney,meerakant@example.com
customer-01758,George Chaudhry,parmeraahana@example.org
customer-01759,Vedant Kurian,wmorar@example.org
customer-01760,Aahana Gopal,varghesenitesh@example.net
customer-01761,Warjas Bedi,xmand@example.net
customer-01762,Kiaan Thaman,simontandon@example.net
customer-01763,Garima Sama,akshaydas@example.org
customer-01764,Tanish Pradhan,chahalsamesh@example.net
customer-01765,Barkha Konda,dixitgaurav@example.org
customer-01766,Mugdha Sant,magarharshil@example.com
customer-01767,Xalak Sarraf,parekhnirja@example.net
customer-01768,Aarnav Rastogi,harita22@example.net
customer-01769,Matthew Wable,sandra@example.com
customer-01770,Vyanjana Dara,raveltriveni@example.com
customer-01771,Udant Bahl,reyanshsarma@example.com
customer-01772,Advik Bera,bhasinnetra@example.com
customer-01773,Wakeeta Kapur,naikdivya@example.org
customer-01774,Anvi Khare,shauryarau@example.com
customer-01775,Prisha Kade,etathakkar@example.org
customer-01776,Upkaar Kata,upalan@example.org
customer-01777,Mahika Sengupta,dhawanekantika@example.org
customer-01778,Jackson Peri,aarushbabu@example.com
customer-01779,Bimala Mistry,upkaar12@example.com
customer-01780,Darika Jha,johalneha@example.com
customer-01781,Samesh Joshi,diya92@example.com
customer-01782,Charvi Singh,mghose@example.net
customer-01783,Urvashi Dhaliwal,zchaudhry@example.org
customer-01784,Bimala Bhat,purohitsai@example.net
customer-01785,Charvi Bajwa,chandreshpillai@example.org
customer-01786,Aradhana Kibe,magarekaraj@example.org
customer-01787,Saumya Patel,geetika03@example.net
customer-01788,Aryan Lata,senguptaeesha@example.org
customer-01789,Chaman Parikh,hemangchatterjee@example.com
customer-01790,Rohan Chander,fitankadakia@example.com
customer-01791,Sai Choudhry,cbarad@example.com
customer-01792,Ayush Ram,varshaswamy@example.com
customer-01793,Urishilla Doshi,dyalishani@example.net
customer-01794,Farhan Dugal,aayushborde@example.org
customer-01795,Warhi Tak,vaishnaviapte@example.com
customer-01796,Ishwar Seshadri,guneet23@example.org
customer-01797,Meghana Krishnamurthy,jeremiahcontractor@example.com
customer-01798,Sai Sheth,harshil54@example.com
customer-01799,Pahal Vora,mukhopadhyayati@example.com
customer-01800,Anika Chatterjee,priyakale@example.net
customer-01801,Chameli Mahal,zlala@example.org
customer-01802,Widisha Pingle,idikanarayanan@example.net
customer-01803,Ria Pandya,fkashyap@example.net
customer-01804,Ria Nair,bhavyachacko@example.com
customer-01805,Ira Doshi,deollucky@example.net
customer-01806,Vihaan Oak,divya75@example.com
customer-01807,Vedika Khare,meeramandal@example.com
customer-01808,Yashvi Dhaliwal,ldube@example.net
customer-01809,Leela Varma,nimratchaudry@example.net
customer-01810,Quincy Gopal,lnigam@example.com
customer-01811,Nidhi Chand,owen34@example.org
customer-01812,Vyanjana Vala,zacharya@example.com
customer-01813,Gaurang Johal,bishakha08@example.com
customer-01814,Harrison Varkey,reyansh46@example.org
customer-01815,Andrew Agrawal,sarintriya@example.com
customer-01816,Radhika Singhal,kapadianetra@example.net
customer-01817,Dhriti Master,tmandal@example.com
customer-01818,Chatresh Sundaram,vartykrish@example.org
customer-01819,Yashica Chhabra,lucky13@example.net
customer-01820,Ekantika Bajwa,rachitvarma@example.org
customer-01821,Omaja Varkey,mitalikhatri@example.org
customer-01822,Qadim Mangat,barkha92@example.net
customer-01823,Falguni Prabhu,minhasaditya@example.org
customer-01824,Veda Kalita,banerjeeowen@example.org
customer-01825,Harini Manda,pratyushguha@example.net
customer-01826,Rohan Rau,niteshnaik@example.org
customer-01827,Omkaar Kala,waliaaadhya@example.org
customer-01828,Samesh Tak,ahujaaditya@example.com
customer-01829,Benjamin Patla,htak@example.org
customer-01830,Yashvi Padmanabhan,ysampath@example.net
customer-01831,Reyansh Rajan,ladlisingh@example.org
customer-01832,Reva Patla,bshroff@example.org
customer-01833,Nathan Nadig,yashoda42@example.com
customer-01834,Jack Badami,usood@example.com
customer-01835,Rudra Gole,falguni35@example.com
customer-01836,Riya Upadhyay,ahegde@example.org
customer-01837,Hritik Chadha,manidalbir@example.org
customer-01838,Utkarsh Patla,lajitakala@example.com
customer-01839,Dakshesh Dubey,oamble@example.org
customer-01840,Anmol Varkey,hritik84@example.org
customer-01841,Charles Acharya,vaishnavikhosla@example.com
customer-01842,Yutika Varughese,idin@example.org
customer-01843,Brijesh Sathe,rkrishna@example.org
customer-01844,Ronith Kulkarni,yauvanishanker@example.net
customer-01845,Wishi Rout,masonsalvi@example.com
customer-01846,Sara Padmanabhan,mukherjeeeshana@example.net
customer-01847,Jasmit Comar,aishanishukla@example.net
customer-01848,Abhimanyu Ghosh,vohralipika@example.com
customer-01849,Wahab Keer,adya02@example.org
customer-01850,Chandran Zachariah,shahveda@example.org
customer-01851,Samesh Anne,routchakrika@example.com
customer-01852,Chameli Deo,onarain@example.net
customer-01853,Nilima Bhagat,pallagauri@example.com
customer-01854,Shivani Kunda,vedagokhale@example.net
customer-01855,Chasmum Kothari,psehgal@example.net
customer-01856,Zayan Deshpande,miteshsoni@example.org
customer-01857,Ojasvi Char,nakulbhatti@example.org
customer-01858,Bhavani Oak,tripathichakradev@example.net
customer-01859,Anjali Ravi,chaitanyapatla@example.com
customer-01860,Peter Mukherjee,johalbrinda@example.com
customer-01861,Kiaan Joshi,mallickridhi@example.net
customer-01862,Laban Divan,rachitkadakia@example.net
customer-01863,Imaran Rau,atwalteerth@example.net
customer-01864,Victor Madan,bhattacharyyafrado@example.org
customer-01865,Yashvi Barad,gnori@example.com
customer-01866,Ishani Prabhu,aarush11@example.com
customer-01867,Maanav Rao,amara68@example.com
customer-01868,Panini Om,jvig@example.net
customer-01869,Aashi Kara,januja99@example.com
customer-01870,Dalbir Naidu,watika49@example.net
customer-01871,Gavin Dubey,eshana50@example.net
customer-01872,Raksha Vora,elijah48@example.com
customer-01873,Qushi Memon,meghana44@example.org
customer-01874,Kashvi Saran,frederickaggarwal@example.com
customer-01875,Chaitaly Pandey,wbala@example.com
customer-01876,Hredhaan Mitter,enayak@example.net
customer-01877,Joshua Joshi,tejas30@example.org
customer-01878,Ishanvi Mody,vaishnavinori@example.org
customer-01879,Yauvani Sunder,leena70@example.net
customer-01880,Zayan Borde,petersamra@example.org
customer-01881,Suhani Sura,karpeabeer@example.org
customer-01882,Girik Sur,narangpranav@example.com
customer-01883,Sara Raja,sonironith@example.net
customer-01884,Zansi Luthra,esehgal@example.com
customer-01885,Sneha Sampath,fmahajan@example.com
customer-01886,Aayush Sathe,vdugal@example.net
customer-01887,Falguni Cheema,ysandhu@example.org
customer-01888,Ayaan Bhatt,chamelisha@example.net
customer-01889,Lakshmi Sant,bbadal@example.net
customer-01890,Indira Aggarwal,jagratichaudhry@example.org
customer-01891,Reva Lalla,brahmbhattraksha@example.com
customer-01892,Umang Oak,wsandal@example.org
customer-01893,Omaja Behl,obobal@example.org
customer-01894,Andrew Ram,hemang33@example.com
customer-01895,Yatan Chaudhry,naiduanmol@example.net
customer-01896,Lakshit Ranganathan,manangopal@example.com
customer-01897,Isaiah Kumer,abhimanyugoswami@example.net
customer-01898,Samarth Toor,thakkarabhiram@example.net
customer-01899,Charles Dasgupta,nbhasin@example.net
customer-01900,Mekhala Dalal,msachdev@example.com
customer-01901,Anika Gola,mandarunima@example.net
customer-01902,Reva Dey,kotaoni@example.com
customer-01903,Yoshita Natarajan,wakeetamalhotra@example.org
customer-01904,Sanaya Char,niharika51@example.org
customer-01905,Vrishti Kade,orinder28@example.org
customer-01906,Wridesh Chander,darsai@example.net
customer-01907,Balendra Sur,krishnanath@example.com
customer-01908,Siddharth Sabharwal,omya24@example.org
customer-01909,Balhaar Sinha,yjha@example.com
customer-01910,Falan Mall,sahninihal@example.org
customer-01911,Nisha Sinha,ishan@example.org
customer-01912,Edhitha Rao,ypalla@example.net
customer-01913,Nandini Badami,omkaargupta@example.net
customer-01914,Aarush Bobal,usur@example.org
customer-01915,Sanaya Pathak,karaansh@example.org
customer-01916,Chaman Bal,jbedi@example.com
customer-01917,Chaitaly Bakshi,amruta93@example.net
customer-01918,Radha Mandal,agastya75@example.org
customer-01919,Yatin Modi,nachiketyadav@example.com
customer-01920,Upasna Tata,semyauvani@example.com
customer-01921,Anusha Bains,omammen@example.com
customer-01922,Gaurangi Yogi,aadi17@example.net
customer-01923,Vidhi Agate,megha95@example.org
customer-01924,Aradhana Prabhakar,parthramanathan@example.com
customer-01925,Eshana Jayaraman,qtiwari@example.net
customer-01926,Meera Mandal,yatintrivedi@example.net
customer-01927,Gayathri Sani,mannanvihaan@example.org
customer-01928,Nisha Shukla,avnimahal@example.org
customer-01929,Brinda Bhandari,oommenfalak@example.net
customer-01930,Avni Sridhar,mannebrijesh@example.org
customer-01931,Brijesh Suri,kai30@example.net
customer-01932,Faras Sibal,veda24@example.org
customer-01933,Daksh Pillay,fuppal@example.com
customer-01934,Ucchal Chacko,hemang99@example.com
customer-01935,Amara Oak,vdubey@example.com
customer-01936,Madhavi Bedi,amarawarrior@example.net
customer-01937,Yuvraj Kapur,saanvivarma@example.net
customer-01938,Prisha Kurian,harita95@example.org
customer-01939,Abhimanyu Kuruvilla,gram@example.com
customer-01940,Libni Munshi,unagarajan@example.net
customer-01941,Kiaan Anne,chakrikachhabra@example.net
customer-01942,Rajata Bahl,opurohit@example.org
customer-01943,Jai Dar,vrandhawa@example.com
customer-01944,Watika Raj,tsinha@example.net
customer-01945,Kashvi Hayre,lekhakrishna@example.org
customer-01946,Aradhana Sha,parmermekhala@example.net
customer-01947,Rohan Mukherjee,luke65@example.org
customer-01948,Kashish Sanghvi,lokecaleb@example.com
customer-01949,Dakshesh Chadha,bdeep@example.com
customer-01950,Aarna Batta,abhimanyuvarty@example.com
customer-01951,Anmol Kalita,eeshachadha@example.net
customer-01952,Zayyan Brar,ria88@example.com
customer-01953,Dayita Nadig,pranit10@example.com
customer-01954,Dalbir Chacko,triya04@example.net
customer-01955,Urvashi Naik,lmitter@example.net
customer-01956,Mohammed Dada,khatripallavi@example.com
customer-01957,Shivani Mammen,goelqasim@example.com
customer-01958,Aarna Buch,rbadal@example.com
customer-01959,Yashvi Kaul,vohrachatresh@example.com
customer-01960,Theodore Saxena,siddharth04@example.org
customer-01961,Eesha Garde,darpanvarma@example.net
customer-01962,Mason Solanki,liam06@example.com
customer-01963,Faqid Subramanian,unni89@example.net
customer-01964,Fariq Sani,indalisunder@example.net
customer-01965,Urvashi Varughese,ozaedhitha@example.com
customer-01966,Ekavir Kunda,varenya57@example.org
customer-01967,Damini Datta,biswasteerth@example.net
customer-01968,Saanvi Chokshi,tristan94@example.com
customer-01969,Fitan Cherian,samarchandra@example.org
customer-01970,Neel Thaker,omyabanerjee@example.org
customer-01971,Panini Bawa,mnori@example.com
customer-01972,Mohammed Srinivas,fiyaz56@example.com
customer-01973,Gavin Palla,bhattacharyyadivya@example.net
customer-01974,Ekiya Rau,manilila@example.net
customer-01975,Atharv Mallick,jagatjoshi@example.org
customer-01976,Veer Nair,sathvik51@example.com
customer-01977,Mitali Mohanty,agoel@example.net
customer-01978,Maanas Raghavan,tristan20@example.net
customer-01979,Veda Goyal,yashawinidatta@example.com
customer-01980,Gunbir Sidhu,sakshampandit@example.com
customer-01981,Zaitra Palla,mannekashish@example.org
customer-01982,Aashi Parekh,varenyaseshadri@example.com
customer-01983,Naveen Srivastava,pallalucky@example.com
customer-01984,Onveer Raja,ridhisundaram@example.org
customer-01985,Januja Khatri,contractorjacob@example.com
customer-01986,Oliver Bassi,gcontractor@example.org
customer-01987,Edhitha Goel,bachittariyer@example.org
customer-01988,Rehaan Puri,theodorevarty@example.com
customer-01989,Nitesh Yadav,adeo@example.com
customer-01990,Theodore Shenoy,lnatarajan@example.com
customer-01991,Nikita Kanda,dhruvbadal@example.org
customer-01992,Krish Bal,bwable@example.com
customer-01993,Jonathan Nadig,anika57@example.com
customer-01994,Idika Jaggi,jrege@example.com
customer-01995,Aarush Nair,okapur@example.org
customer-01996,Rohan Savant,nigamshravya@example.net
customer-01997,Hitesh Lanka,manan22@example.net
customer-01998,Indira Naik,vkhare@example.org
customer-01999,Ganga Buch,thomasanand@example.org
customer-02000,Aditya Chand,ikshitabumb@example.net
customer-02001,Leela Chatterjee,pranavoommen@example.com
customer-02002,Oscar Wali,bhavika49@example.net
customer-02003,Bishakha Mani,sneha80@example.com
customer-02004,Nirja Sarin,mahajanshivani@example.org
customer-02005,Chatresh Ghose,vedantrandhawa@example.net
customer-02006,Jagat Dhar,anirudh72@example.com
customer-02007,Sara Menon,adya23@example.net
customer-02008,Ekavir Dhingra,groverlajita@example.net
customer-02009,Unni Chanda,abha47@example.org
customer-02010,Wishi Sagar,jatin24@example.org
customer-02011,Bhavani Talwar,dyallibni@example.org
customer-02012,Tristan Dugal,pgaba@example.net
customer-02013,Yashica Ramachandran,sarthak60@example.net
customer-02014,Sanya Gupta,ryanmistry@example.net
customer-02015,Vincent Narula,ulanka@example.net
customer-02016,Aayush Sura,jmore@example.com
customer-02017,Jagdish Murthy,arjun73@example.net
customer-02018,Ekaja Prasad,uom@example.net
customer-02019,Devika Brahmbhatt,purohitnisha@example.com
customer-02020,Panini Devi,urvi24@example.com
customer-02021,Nilima Pau,arya57@example.com
customer-02022,Gautami Divan,jatin69@example.com
customer-02023,Zilmil Hora,chhabraamruta@example.org
customer-02024,Shaurya Contractor,eta94@example.org
customer-02025,Nandini Sachdeva,amruta76@example.net
customer-02026,Sanaya Narain,madhav27@example.net
customer-02027,Alexander Tiwari,oviya69@example.com
customer-02028,Krishna De,nachiketpalan@example.com
customer-02029,Lekha Sur,siya62@example.net
customer-02030,Inaya Pandit,xpradhan@example.net
customer-02031,Nathaniel Sengupta,fbarad@example.org
customer-02032,Omaja Minhas,lminhas@example.org
customer-02033,Nisha Mangal,keerpatrick@example.com
customer-02034,Atharv Bedi,loyaldayita@example.com
customer-02035,Sudiksha Dara,bhavini66@example.com
customer-02036,Upkaar Dutta,chaman89@example.net
customer-02037,Quincy Srinivas,tristanvaidya@example.com
customer-02038,Bhavya Bhalla,cherianraagini@example.com
customer-02039,Girindra Chand,qkhare@example.org
customer-02040,Sachi Thaker,xperi@example.org
customer-02041,Imaran Goswami,rlanka@example.com
customer-02042,Tejas Prabhakar,xavier29@example.net
customer-02043,Bhavya Gola,rattanisha@example.net
customer-02044,Amrita Dixit,kthaker@example.org
customer-02045,Lucky Goda,obhagat@example.com
customer-02046,Suhani Raj,dattaxiti@example.net
customer-02047,Eesha Bhagat,mahajanfaris@example.com
customer-02048,Krishna Tiwari,damyanti96@example.net
customer-02049,Brijesh Dyal,chavvihayre@example.com
customer-02050,Ekaraj Sridhar,eiravatimishra@example.org
customer-02051,Zayyan Ramaswamy,pranitrege@example.com
customer-02052,Faras Pal,gaurav05@example.org
customer-02053,Darsh Das,ektachaudhari@example.com
customer-02054,Riya Chacko,nicholaskala@example.org
customer-02055,Wridesh Sahni,adoctor@example.net
customer-02056,Baghyawati Hayre,kbal@example.com
customer-02057,Jairaj Chada,kashvigrewal@example.net
customer-02058,Krisha Mahajan,lopa46@example.org
customer-02059,Yagnesh Ranganathan,rkaran@example.com
customer-02060,Kashvi Ranganathan,daveimaran@example.org
customer-02061,Anjali Keer,lohitnanda@example.com
customer-02062,Saksham Samra,radhikachauhan@example.org
customer-02063,Gaurangi Andra,laddeepa@example.com
customer-02064,Ekapad Dutt,sarindiya@example.com
customer-02065,Wyatt Ratta,indirajha@example.org
customer-02066,Ekiya Acharya,balhaar43@example.org
customer-02067,Frederick Saini,upadhriti44@example.com
customer-02068,Nirja Salvi,wakeeta39@example.net
customer-02069,Urishilla Bajaj,parsakamala@example.com
customer-02070,Dalbir Gade,oscarmody@example.org
customer-02071,Karan Bumb,oramachandran@example.net
customer-02072,Pushti Loke,agategaurang@example.com
customer-02073,Saumya Peri,jainishanvi@example.org
customer-02074,Darpan Barman,vivaan53@example.org
customer-02075,Sanaya Bassi,dsavant@example.org
customer-02076,Indrajit Deshpande,wyattpandey@example.net
customer-02077,Unnati Pathak,timothy11@example.org
customer-02078,Sudiksha Sundaram,chadhasimon@example.net
customer-02079,Sai Sha,jupadhyay@example.com
customer-02080,Wahab Dash,narainanay@example.com
customer-02081,Mohammed Mani,bakshiwarinder@example.com
customer-02082,Arjun Mutti,xsehgal@example.org
customer-02083,Zarna Sehgal,dubeytripti@example.net
customer-02084,Kamya Anand,adweta78@example.net
customer-02085,Unni Prashad,rishikala@example.org
customer-02086,Amaira Minhas,ndora@example.org
customer-02087,Joshua Narain,jainpallavi@example.net
customer-02088,Dayamai Bath,mason12@example.com
customer-02089,Yatin Manne,isaacatwal@example.net
customer-02090,Raghav Sen,kaurhamsini@example.com
customer-02091,Tanvi Panchal,gaurinarain@example.com
customer-02092,Waida Kothari,zshere@example.com
customer-02093,Theodore Mallick,george71@example.org
customer-02094,Jai Bhatnagar,jeremiahiyer@example.com
customer-02095,Saumya Vyas,radhasodhi@example.org
customer-02096,Nirja Sood,karikrishna@example.net
customer-02097,Aahana Baria,onkar04@example.net
customer-02098,Gaurav Palan,yuvraj15@example.com
customer-02099,Gayathri Tiwari,shivanshrajagopal@example.com
customer-02100,Andrew Suresh,anaytailor@example.com
customer-02101,Zayan Chand,abhimanyu15@example.org
customer-02102,Chandran Vaidya,qabilmitter@example.org
customer-02103,Lakshit Kalla,tanayzachariah@example.net
customer-02104,Nandini Gokhale,ahujajai@example.net
customer-02105,Vyanjana Rajan,madanvyanjana@example.org
customer-02106,Triveni Divan,kritikamani@example.net
customer-02107,Raksha Ahluwalia,gaurang87@example.org
customer-02108,Dakshesh Kalla,aprabhakar@example.org
customer-02109,Sara Sidhu,rsule@example.com
customer-02110,Amara Grover,tanay35@example.com
customer-02111,Siya Bumb,ekiyaganesh@example.net
customer-02112,Charles Vyas,alexandersha@example.com
customer-02113,Ucchal Shankar,suhani02@example.com
customer-02114,Jeet Pingle,boraekaraj@example.com
customer-02115,Meghana Mital,deoveda@example.com
customer-02116,Diya Bal,ysha@example.net
customer-02117,Warinder Naidu,girindravyas@example.org
customer-02118,Atharv Patla,darshnori@example.com
customer-02119,Leela Patla,pathakubika@example.org
customer-02120,Qushi Sagar,zayanwadhwa@example.net
customer-02121,Ekansh Nagarajan,yauvanisawhney@example.net
customer-02122,Prisha Salvi,anandsachi@example.org
customer-02123,Teerth Naik,gardehenry@example.com
customer-02124,Neel Edwin,ektarajagopalan@example.net
customer-02125,Sanaya Ranganathan,yluthra@example.com
customer-02126,Lajita Kohli,sneha90@example.net
customer-02127,Luke Chakrabarti,gunbirratta@example.net
customer-02128,Fitan Pai,qsarkar@example.com
customer-02129,Libni Pillay,gaurangkade@example.org
customer-02130,Devansh D’Alia,harinakshi55@example.net
customer-02131,Tanay More,kallajacob@example.com
customer-02132,Zinal Kumar,deviekaja@example.com
customer-02133,Devansh Desai,chackobahadurjit@example.org
customer-02134,Gaurangi Dewan,mohinibhatia@example.com
customer-02135,Yash Halder,etadeol@example.org
customer-02136,Chasmum Narasimhan,hnatarajan@example.com
customer-02137,Isaac Lala,cmodi@example.net
customer-02138,Elijah Sehgal,bhardwajchaitanya@example.net
customer-02139,Ekanta Madan,wriddhishkade@example.org
customer-02140,Tejas Keer,wriddhishsom@example.com
customer-02141,Ekta Warrior,bbains@example.com
customer-02142,Aayush Chander,harinakshi18@example.net
customer-02143,Qadim Boase,amerchant@example.com
customer-02144,Benjamin Mani,lchoudhury@example.com
customer-02145,Vasatika Badal,hemangininagy@example.com
customer-02146,Tripti Jhaveri,reva76@example.org
customer-02147,Lajita Dhingra,sethrachita@example.com
customer-02148,Parth Badal,pandyadaksha@example.net
customer-02149,Jairaj Garde,gbehl@example.net
customer-02150,Anita Sankaran,xkumar@example.com
customer-02151,Dalbir Kunda,bpatla@example.com
customer-02152,Jai Tata,vanshajayaraman@example.net
customer-02153,Charan Kakar,jalsa03@example.org
customer-02154,Bachittar Venkataraman,gargagastya@example.net
customer-02155,Ishanvi Gupta,hratta@example.net
customer-02156,Gaurangi Dave,contractoranya@example.com
customer-02157,Vrishti Datta,joshua44@example.net
customer-02158,Veda Keer,adityadua@example.org
customer-02159,Agastya Oommen,vbir@example.net
customer-02160,Harrison Sampath,qmemon@example.com
customer-02161,Guneet Thaman,tellariya@example.org
customer-02162,Sara Chacko,chaman84@example.com
customer-02163,Aayush Lata,janani90@example.com
customer-02164,Liam Bhat,ranganathanveda@example.net
customer-02165,Sneha Balay,mkunda@example.com
customer-02166,Samarth Tandon,xdevi@example.org
customer-02167,Tripti Sama,nimrat92@example.com
customer-02168,Turvi Kara,sidhusaumya@example.net
customer-02169,Ethan Deshpande,parthkari@example.org
customer-02170,Vrishti Shukla,sodhiforum@example.com
customer-02171,Yug Deep,nimratkaul@example.com
customer-02172,Amrita Kara,bawafalguni@example.net
customer-02173,Udyati Mistry,arya06@example.net
customer-02174,Anay Murty,fbalakrishnan@example.org
customer-02175,Kashish Parekh,anya61@example.com
customer-02176,Onkar Chana,udarsh12@example.net
customer-02177,Bina Shetty,bansaleesha@example.org
customer-02178,Mason Bahri,baghyawatibumb@example.com
customer-02179,Pranav Pathak,sibalikbal@example.com
customer-02180,Mekhala Sarraf,utkarsh83@example.org
customer-02181,Jason Shanker,zbala@example.org
customer-02182,Rudra Oommen,atibajaj@example.com
customer-02183,Nitesh Kapur,iben@example.net
customer-02184,Gabriel Sundaram,anitachaudry@example.com
customer-02185,Advika Tank,dalajaparsa@example.net
customer-02186,Veda Tak,bnagi@example.org
customer-02187,Meghana Yogi,bordeekapad@example.org
customer-02188,Gavin Mody,cheriananmol@example.org
customer-02189,Baljiwan Bora,sarrafbrijesh@example.net
customer-02190,Zayan Balakrishnan,harish24@example.com
customer-02191,Bhavini Shere,chaitalyamble@example.org
customer-02192,Falan Brar,harinakshi95@example.com
customer-02193,Dhriti Parmer,sanesanaya@example.com
customer-02194,Odika Apte,dsachar@example.net
customer-02195,Yamini Parmer,ayushbobal@example.net
customer-02196,Amaira Jaggi,alexander50@example.com
customer-02197,Vidhi Varty,mmutti@example.org
customer-02198,Sanya Jaggi,vyanjanabalan@example.com
customer-02199,Keya Kumer,reyanshkalita@example.org
customer-02200,Ekansh Sanghvi,rkota@example.com
customer-02201,Qabil Shanker,goommen@example.com
customer-02202,Gaurang Saxena,hiral76@example.org
customer-02203,Chaman Khare,chackogirindra@example.org
customer-02204,Triya Saran,gopalzacharia@example.com
customer-02205,Priya Luthra,daraanusha@example.net
customer-02206,Nidra Thakur,rohan09@example.org
customer-02207,Ekta Puri,dyalyachana@example.com
customer-02208,Ekani Agate,aptedipta@example.org
customer-02209,Gunbir Agate,zmajumdar@example.net
customer-02210,Girik Mand,tchandran@example.org
customer-02211,Lajita Doctor,raghav05@example.org
customer-02212,Manthan Edwin,riadeep@example.com
customer-02213,Ethan Grover,davidnaik@example.com
customer-02214,Nandini Banerjee,jatwal@example.net
customer-02215,Raksha Patel,mekhala36@example.com
customer-02216,Ansh Verma,eiravatipanchal@example.net
customer-02217,Charan Arora,damyantigolla@example.net
customer-02218,Michael Krishnamurthy,samesh18@example.net
customer-02219,Girik Apte,jaggijeremiah@example.com
customer-02220,Aashi Mahal,shabaljiwan@example.com
customer-02221,Ekiya Biswas,hchandra@example.net
customer-02222,Devansh Halder,reyansh54@example.com
customer-02223,Raghav Bala,choudhrywidisha@example.com
customer-02224,Manbir Varma,abdul67@example.org
customer-02225,Raagini Iyengar,ishanvi45@example.com
customer-02226,Idika Krishna,chandekanta@example.org
customer-02227,Zayyan Kibe,mohammed71@example.net
customer-02228,Aishani Kunda,dhawanamruta@example.com
customer-02229,Qadim Manne,kchaudry@example.com
customer-02230,Anmol Pathak,aadi55@example.org
customer-02231,Manya Oza,rmahal@example.org
customer-02232,Tanish Bhat,rajagopalandalbir@example.org
customer-02233,Jagdish Suresh,troy@example.org
customer-02234,Oni Chad,odutt@example.com
customer-02235,Frado Choudhury,lajitamuni@example.com
customer-02236,Meera Wali,xalak88@example.com
customer-02237,Ekantika Bhalla,somadvaith@example.com
customer-02238,George Iyer,vdutta@example.com
customer-02239,Udyati Apte,devitriveni@example.org
customer-02240,Pallavi Lanka,alexandersibal@example.org
customer-02241,Aashi Yohannan,ekanta69@example.net
customer-02242,Yasti Subramaniam,soodnitara@example.com
customer-02243,Noah Rout,madhavsharaf@example.net
customer-02244,Anita Saha,rishibhatnagar@example.com
customer-02245,Barkha Sharma,vchokshi@example.net
customer-02246,Wakeeta Manne,nborde@example.org
customer-02247,Aadi Soman,omya50@example.com
customer-02248,Praneel Rama,kchaudhari@example.net
customer-02249,Rajeshri Nayak,latagabriel@example.com
customer-02250,Aadi Khatri,zramaswamy@example.com
customer-02251,Yashica Murthy,dsrinivasan@example.org
customer-02252,Bimala Misra,jyoti50@example.net
customer-02253,Vivaan Pandey,ria93@example.net
customer-02254,Mugdha Murthy,zaid07@example.com
customer-02255,Frederick Karpe,bailteerth@example.com
customer-02256,Nisha Shenoy,qbarad@example.net
customer-02257,Onveer Chander,jagdish20@example.org
customer-02258,Ekaja Behl,arorakritika@example.com
customer-02259,Ishani Dixit,nachiketkumar@example.net
customer-02260,Andrew Khosla,samakshgoda@example.net
customer-02261,Nakul Dave,zaitradutta@example.org
customer-02262,Patrick Vyas,nmerchant@example.org
customer-02263,Krisha Ramaswamy,lakshboase@example.org
customer-02264,Akshay Sule,nakulvirk@example.org
customer-02265,Robert Kapoor,osinghal@example.net
customer-02266,Aishani Sarna,lavanyapatla@example.com
customer-02267,Wishi Bala,ksabharwal@example.com
customer-02268,Nachiket Thakkar,xkrishnamurthy@example.com
customer-02269,Lakshit Bassi,gayathritak@example.org
customer-02270,Nitara Goda,elijah87@example.com
customer-02271,Ladli Date,sudiksha41@example.net
customer-02272,Chakrika Mittal,dashaditya@example.com
customer-02273,Nisha Balasubramanian,isha77@example.org
customer-02274,Akshay Bhagat,hnaik@example.org
customer-02275,Ria Radhakrishnan,triveni15@example.org
customer-02276,Riya Ghosh,bobaltanvi@example.org
customer-02277,Fariq Bedi,devanshjaggi@example.com
customer-02278,Upadhriti Rastogi,kadakiaunni@example.net
customer-02279,Janya Mander,parikhbrijesh@example.com
customer-02280,Nikita D’Alia,warhisoni@example.com
customer-02281,Hredhaan Mitra,fiyaz16@example.org
customer-02282,Turvi Vala,alala@example.com
customer-02283,Dayamai Tata,yug67@example.org
customer-02284,Radha Agarwal,dchaudhari@example.net
customer-02285,Yochana Suresh,bavatara@example.com
customer-02286,Vanya Sami,tanveerchaudry@example.net
customer-02287,Ekiya Madan,frederick80@example.net
customer-02288,Onveer Vig,shuklalaksh@example.net
customer-02289,Yochana Patel,ksawhney@example.org
customer-02290,Jagvi Loke,farajkhalsa@example.org
customer-02291,Gautam Krish,dalajabir@example.net
customer-02292,Ekta Jaggi,balveer46@example.net
customer-02293,Jeet Sarkar,matthew65@example.org
customer-02294,Upma Hari,vivaan37@example.org
customer-02295,Vamakshi Tailor,chaitanyamohanty@example.com
customer-02296,Jyoti Mutti,yohannannakul@example.org
customer-02297,Frederick Mitter,tvenkataraman@example.net
customer-02298,Gaurangi Sehgal,elijah88@example.org
customer-02299,Brijesh Gaba,umang87@example.net
customer-02300,Manan Pillay,sdey@example.net
customer-02301,Nitara Thakur,sheresachi@example.org
customer-02302,Darsh Brar,onkar91@example.com
customer-02303,Shivansh Subramanian,abhirambatta@example.net
customer-02304,Pahal Ray,sunderishwar@example.org
customer-02305,Vincent Bhardwaj,nsahota@example.org
customer-02306,Avi Agrawal,wridesh59@example.org
customer-02307,Rachit Tella,arjunwarrior@example.com
customer-02308,Atharv Dugar,pbasu@example.org
customer-02309,Logan Ranganathan,aachaltiwari@example.org
customer-02310,Qabil Viswanathan,veer11@example.com
customer-02311,Zaitra Roy,yashica15@example.org
customer-02312,Aishani Mandal,wadhwamitali@example.com
customer-02313,Abha Baral,boraarya@example.com
customer-02314,Aahana Muni,matthew30@example.com
customer-02315,Tara Bhasin,lohit00@example.org
customer-02316,Odika Deep,qadim28@example.net
customer-02317,Jhalak Nagarajan,manya23@example.org
customer-02318,Aditya Agrawal,jsunder@example.com
customer-02319,Kiaan Gopal,chakrika59@example.com
customer-02320,Joshua Kannan,halderjagdish@example.net
customer-02321,Forum Chatterjee,dorahamsini@example.net
customer-02322,Zayan Shenoy,kabirgera@example.org
customer-02323,Zinal Rama,mukherjeehiral@example.com
customer-02324,Azad Sastry,golajonathan@example.com
customer-02325,Chaaya Batra,bhavikadada@example.com
customer-02326,Lajita Bobal,jbhandari@example.net
customer-02327,Teerth Sarraf,skrishnan@example.net
customer-02328,Ishani Srivastava,rachananatt@example.com
customer-02329,Jason Ahluwalia,talwarurvashi@example.org
customer-02330,Ansh Madan,vrindamohanty@example.org
customer-02331,Eta Nazareth,balisiya@example.com
customer-02332,Ira Prasad,ubikade@example.com
customer-02333,Yatin Subramanian,faraj79@example.com
customer-02334,Veda Deol,jkumer@example.com
customer-02335,Lopa Dalal,andranirja@example.net
customer-02336,Chandran Sharma,narulazayan@example.com
customer-02337,Tamanna Manne,warhikoshy@example.org
customer-02338,Aadi Oommen,vanne@example.net
customer-02339,Bahadurjit Shukla,fchand@example.net
customer-02340,Advay Bose,christopher37@example.org
customer-02341,Yashawini Hegde,cborde@example.org
customer-02342,Vrishti Oza,kamalaranganathan@example.com
customer-02343,Leela Barad,ishakhare@example.net
customer-02344,Luke Deshmukh,abdul26@example.org
customer-02345,Udyati Ravel,mukhopadhyayekavir@example.org
customer-02346,Owen Pau,rayaankuruvilla@example.net
customer-02347,Deepa Salvi,bcomar@example.net
customer-02348,Nirja Desai,brargauri@example.net
customer-02349,Amol Bhasin,kotabina@example.com
customer-02350,Balvan Pal,alka01@example.com
customer-02351,Harshil Kaur,sampathnathan@example.com
customer-02352,Priya Bhandari,charles43@example.org
customer-02353,Gauri Chowdhury,lrege@example.net
customer-02354,Vrinda Din,arjunvenkatesh@example.com
customer-02355,Januja Chaudry,gvaidya@example.net
customer-02356,Radhika Thakur,oscar04@example.com
customer-02357,Idika Rao,rchahal@example.org
customer-02358,Tristan Halder,sarafowen@example.org
customer-02359,Gopal Ramachandran,nilimaganesh@example.com
customer-02360,Anita Karnik,kamalavig@example.com
customer-02361,Atharv Tata,vincent15@example.net
customer-02362,Upma Naidu,riamani@example.net
customer-02363,Krisha Ratta,rushil53@example.org
customer-02364,Tanvi Krishna,chardominic@example.org
customer-02365,Vedhika Nanda,oscar05@example.com
customer-02366,Nidhi Bawa,jyotibarad@example.net
customer-02367,Abhimanyu Sheth,chhabraabhiram@example.com
customer-02368,Qarin Mangat,ytrivedi@example.com
customer-02369,Rudra Sur,mohammed50@example.com
customer-02370,Lohit Nath,praneel89@example.com
customer-02371,Yashodhara Swaminathan,tdixit@example.org
customer-02372,Ojasvi Singh,falgunishroff@example.com
customer-02373,Mugdha Munshi,oshasarkar@example.com
customer-02374,Atharv Banerjee,hsathe@example.net
customer-02375,Abhimanyu Thakkar,hbhavsar@example.com
customer-02376,Rachita Iyer,timothybrar@example.net
customer-02377,Yasti Patla,vincentchoudhary@example.org
customer-02378,Harrison Gola,aarnavminhas@example.net
customer-02379,Vinaya Das,pmadan@example.org
customer-02380,Harita Mahal,chanchal85@example.net
customer-02381,Ikshita Mittal,hayerchandani@example.org
customer-02382,Aadi Pathak,yugsunder@example.net
customer-02383,Sanaya Kakar,oviyagera@example.org
customer-02384,Ayushman Sandal,chameli90@example.net
customer-02385,Lakshmi Ram,nimratnagar@example.net
customer-02386,Kala Bala,waliasiddharth@example.net
customer-02387,Forum Toor,arjun04@example.org
customer-02388,Gavin Rajagopal,murthyucchal@example.net
customer-02389,Balendra Badal,bina75@example.net
customer-02390,Chandresh Narayan,nagarajanadvaith@example.com
customer-02391,Bahadurjit Chaudhary,girindra20@example.org
customer-02392,Hredhaan Suresh,isaiah32@example.com
customer-02393,George Char,tpillay@example.net
customer-02394,Amol Mittal,daminihalder@example.net
customer-02395,Mohini Rau,urishillachar@example.com
customer-02396,Samaksh Pai,aditya24@example.net
customer-02397,Ekani Tella,rajata55@example.com
customer-02398,Naveen Setty,pranav43@example.net
customer-02399,Wriddhish Ganguly,vdey@example.org
customer-02400,Vansha Prabhu,mohanbhavika@example.org
customer-02401,Hemangini Palla,zansianne@example.org
customer-02402,Yutika Bala,tristan91@example.net
customer-02403,Ubika Vaidya,lila17@example.net
customer-02404,Jeremiah Krishnan,kamalarastogi@example.com
customer-02405,Netra Chhabra,gopalridhi@example.org
customer-02406,Ikshita Dash,dasanita@example.net
customer-02407,Urvashi Lad,jdyal@example.net
customer-02408,Ekansh Minhas,bhargavatriya@example.org
customer-02409,Pallavi Dugal,mohinianand@example.org
customer-02410,Vedhika Cheema,nagarzaitra@example.org
customer-02411,Alka Mittal,sdani@example.com
customer-02412,Rajata Master,hardik07@example.org
customer-02413,Mason Brahmbhatt,turvi31@example.net
customer-02414,Ubika Chaudhuri,aayush52@example.com
customer-02415,Isaac Thaman,cchaudhry@example.com
customer-02416,Oni Dass,abali@example.net
customer-02417,Ayushman Bedi,zrajan@example.org
customer-02418,Arjun Sule,george32@example.com
customer-02419,Harish Bhagat,nicholas39@example.org
customer-02420,Aachal Khanna,riya91@example.org
customer-02421,Upadhriti Nath,naksh34@example.net
customer-02422,Chameli Walia,imaran10@example.com
customer-02423,Jai Yohannan,pathaktriveni@example.org
customer-02424,Dalbir Murty,anmolgoel@example.com
customer-02425,Oni Prashad,qdhaliwal@example.org
customer-02426,Dayamai Manda,nishamanne@example.org
customer-02427,Bhavya Oza,kchaudhari@example.com
customer-02428,Manbir Baral,zdutt@example.net
customer-02429,Anirudh Kashyap,mpuri@example.org
customer-02430,Warjas Chawla,gagandasgupta@example.com
customer-02431,Chaitanya Mahajan,warjas97@example.com
customer-02432,Alka Bhargava,lipikasheth@example.org
customer-02433,Umang Mitra,xbir@example.org
customer-02434,Tamanna Randhawa,manevarsha@example.org
customer-02435,Manthan Kunda,devikasibal@example.org
customer-02436,Praneel Sen,ekapad53@example.net
customer-02437,Hemani Brar,jpingle@example.org
customer-02438,Vedika Bains,tarak37@example.net
customer-02439,Nitesh Devan,yahvi08@example.com
customer-02440,Riya Hans,sai17@example.com
customer-02441,Ucchal Jhaveri,kbora@example.net
customer-02442,Ikshita Nagy,ethan70@example.com
customer-02443,Bimala Prasad,amblerajata@example.org
customer-02444,Harini Tailor,damyanti45@example.net
customer-02445,Damyanti Pant,triyabobal@example.com
customer-02446,Lekha Venkataraman,harshpandit@example.net
customer-02447,Lajita Ben,andrewbarman@example.org
customer-02448,Leela Dalal,anthonybassi@example.net
customer-02449,Andrew Venkataraman,raaginichander@example.net
customer-02450,Benjamin Pillai,nidratailor@example.net
customer-02451,Harinakshi Biswas,vanyakothari@example.org
customer-02452,Lavanya Karnik,baghyawatichawla@example.org
customer-02453,Ranveer Banik,jayaramanzaitra@example.com
customer-02454,Vedika Chandra,ucchal45@example.com
customer-02455,Samar Patil,jeremiah15@example.com
customer-02456,Leela Pau,sacharmaya@example.org
customer-02457,Nitesh Saraf,jaggichakradev@example.org
customer-02458,Bhavika Mohan,zkunda@example.org
customer-02459,Vyanjana Rajagopal,kabirbabu@example.org
customer-02460,Balvan Sekhon,zramanathan@example.com
customer-02461,Ridhi Dutta,mohammedbarman@example.com
customer-02462,Falan Bajwa,jai97@example.org
customer-02463,Madhavi Garde,gchoudhary@example.org
customer-02464,Frado Goel,deyanamika@example.org
customer-02465,Varenya Kala,gaurav26@example.com
customer-02466,Aahana Sarkar,zashilkamdar@example.com
customer-02467,Kalpit Gera,aarav04@example.org
customer-02468,Wyatt Babu,megha56@example.com
customer-02469,Fitan Bhasin,jagrati88@example.com
customer-02470,Unnati Chawla,bbassi@example.org
customer-02471,Ranbir Sharaf,gthaman@example.net
customer-02472,Charan Wali,ramakrishnananjali@example.net
customer-02473,Mugdha Dora,qdalia@example.org
customer-02474,Jalsa Sandhu,chakradev84@example.com
customer-02475,Fitan Prabhu,veda55@example.org
customer-02476,Viraj Bakshi,ishenoy@example.com
customer-02477,Advika Tiwari,katalopa@example.com
customer-02478,Jack Choudhury,contractoryatin@example.com
customer-02479,Chanakya Natt,nsant@example.org
customer-02480,Zansi Gopal,imaran38@example.net
customer-02481,Mitali Sarraf,ethan34@example.org
customer-02482,Ayaan Karpe,abha17@example.org
customer-02483,Oliver Nagy,alexander17@example.com
customer-02484,Onkar Muni,sankaranharshil@example.net
customer-02485,Indali Srinivas,ntandon@example.com
customer-02486,Ekani Tara,bachittarcheema@example.net
customer-02487,Saumya Sen,talwarojasvi@example.net
customer-02488,Chavvi Chauhan,karnikaishani@example.org
customer-02489,Victor Prabhakar,patilgagan@example.org
customer-02490,Ekiya Gopal,hredhaanchaudhary@example.com
customer-02491,Gabriel Ghose,quincy87@example.com
customer-02492,Jagat Prasad,lopasangha@example.net
customer-02493,Dhruv Bora,sram@example.net
customer-02494,Ekta Mann,vshetty@example.com
customer-02495,Zayan Khare,ishitarajagopalan@example.net
customer-02496,Upma Dhar,vidhi23@example.org
customer-02497,Yashica Rana,vbala@example.org
customer-02498,Parth Samra,peter60@example.net
customer-02499,Shivani Chaudhry,pahalnaidu@example.com
customer-02500,Vedhika Joshi,parmarjagrati@example.org
customer-02501,Hemani Dugar,nsinha@example.net
customer-02502,Dakshesh Barad,ykarnik@example.org
customer-02503,Neel Wable,owen03@example.net
customer-02504,Pahal Edwin,ddave@example.net
customer-02505,Faras Naidu,eradhakrishnan@example.org
customer-02506,Oviya Khurana,radhacomar@example.net
customer-02507,Atharv Krish,malhotrakamya@example.org
customer-02508,Timothy Chada,ria53@example.org
customer-02509,Parth Dayal,andrew40@example.com
customer-02510,Wakeeta Gill,tanaypalla@example.org
customer-02511,Arin Chatterjee,cborra@example.com
customer-02512,Warjas Johal,nirjabarad@example.org
customer-02513,Faras Narayanan,chaudhryvasana@example.org
customer-02514,Janya Sankar,noahamble@example.org
customer-02515,Upkaar Walia,bedimugdha@example.com
customer-02516,Urvashi Bail,waliafalguni@example.org
customer-02517,Dalbir Dave,ethan16@example.org
customer-02518,Vedika Soni,kamalanadig@example.com
customer-02519,Idika Bhardwaj,hemadin@example.org
customer-02520,Aarna Tank,fgrewal@example.com
customer-02521,Robert Nagy,sureshkamya@example.com
customer-02522,Niharika Bhatt,turvighose@example.com
customer-02523,Gavin Bajaj,yutika83@example.org
customer-02524,Andrew Sarna,nidra05@example.net
customer-02525,Darika Mohanty,saumyabir@example.org
customer-02526,Jack Raj,aishani46@example.org
customer-02527,Nachiket Bora,nitara69@example.net
customer-02528,Watika Prasad,yashica94@example.com
customer-02529,Vedhika Borah,bhatnagarcharvi@example.com
customer-02530,Mugdha Buch,golajagdish@example.net
customer-02531,Wriddhish Agrawal,thakeranjali@example.org
customer-02532,Ishita Bir,gabadipta@example.net
customer-02533,Jairaj Borah,sampathomisha@example.net
customer-02534,Nikita Mistry,saivarty@example.net
customer-02535,Warhi Brar,chaudhariutkarsh@example.com
customer-02536,Zinal Bakshi,gautam61@example.com
customer-02537,Warinder Bora,vohradevansh@example.com
customer-02538,Gaurav Ratta,lakshmi90@example.com
customer-02539,Krish Sankar,chakradevdate@example.com
customer-02540,Neha Ram,urishillasawhney@example.net
customer-02541,Bhavini Mammen,daminibawa@example.com
customer-02542,Triya Vala,kalaanthony@example.org
customer-02543,Kevin Parekh,bakhshi82@example.com
customer-02544,Chaaya Shukla,dalbir35@example.org
customer-02545,Jatin Desai,tkeer@example.net
customer-02546,Rachit Varughese,advay77@example.org
customer-02547,Frado Hora,charansethi@example.com
customer-02548,Anamika Shankar,vedhika10@example.org
customer-02549,Nidhi Gala,warjasoza@example.com
customer-02550,Leena Khanna,modysiya@example.org
customer-02551,Advaith Kalita,wsrinivasan@example.org
customer-02552,David Issac,bhavikadatta@example.net
customer-02553,Charita Peri,manbirbrahmbhatt@example.org
customer-02554,Amrita Chahal,adwetamenon@example.net
customer-02555,Pooja Dalal,ibumb@example.com
customer-02556,Charita Parsa,umander@example.net
customer-02557,Ikshita Lad,jasmitmajumdar@example.com
customer-02558,Naksh Kade,ekrish@example.com
customer-02559,Krishna Pandya,srivastavarushil@example.net
customer-02560,Ranveer Kara,shivanshmittal@example.org
customer-02561,Lekha Dass,kurianonveer@example.org
customer-02562,Bimala Kala,tlala@example.net
customer-02563,Omisha Kibe,kaibobal@example.net
customer-02564,Chaitanya Prabhu,rkhatri@example.org
customer-02565,Christopher Andra,boseyahvi@example.net
customer-02566,Aarav Shan,guptacharles@example.org
customer-02567,Arin Keer,trivedianmol@example.net
customer-02568,Gauri Yadav,qpatel@example.com
customer-02569,Balvan Swaminathan,ynarasimhan@example.net
customer-02570,Finn Memon,farhanpradhan@example.net
customer-02571,Warhi Devi,balhaarwali@example.net
customer-02572,Urvi Salvi,dhillonmahika@example.org
customer-02573,Oeshi Johal,saksham64@example.com
customer-02574,Hredhaan Gara,nidra06@example.com
customer-02575,Azaan Krishnan,madhavibajwa@example.net
customer-02576,Banjeet Doctor,reyanshbains@example.net
customer-02577,Chakrika Sanghvi,upkaar62@example.com
customer-02578,Januja Jaggi,dharamrita@example.org
customer-02579,Lila Munshi,shravya28@example.net
customer-02580,Yochana Mitra,jvarghese@example.com
customer-02581,Brijesh Parmar,rameshwarjas@example.net
customer-02582,Amruta Nair,yogiabeer@example.com
customer-02583,Omisha Rege,suraudant@example.com
customer-02584,Barkha Mohanty,jsawhney@example.net
customer-02585,Tanish Chaudhry,okaur@example.net
customer-02586,Niharika Saraf,balhaar39@example.com
customer-02587,Rajeshri Khurana,veda76@example.net
customer-02588,Chandani Nori,pallavasana@example.net
customer-02589,Utkarsh Chhabra,keerhemani@example.com
customer-02590,Gaurang Varkey,seshadripatrick@example.com
customer-02591,Maanas De,oshasarraf@example.org
customer-02592,Eiravati Yogi,jeevika34@example.org
customer-02593,Ethan Aurora,gaurangahuja@example.org
customer-02594,Diya Sinha,nganesan@example.net
customer-02595,Jonathan Biswas,kswamy@example.org
customer-02596,Waida Sankaran,leelabadami@example.org
customer-02597,Chandran Balasubramanian,ksama@example.net
customer-02598,Dayita Ratta,avnisrinivas@example.net
customer-02599,Raagini Bhatt,vrinda23@example.com
customer-02600,Laksh Ganesh,myogi@example.net
customer-02601,Aayush Raju,chasmum07@example.org
customer-02602,Hemangini Narain,wdivan@example.net
customer-02603,Omaja Wason,isama@example.net
customer-02604,Veda Bakshi,chanadipta@example.org
customer-02605,Kevin Chand,ksaxena@example.net
customer-02606,Keya Varughese,pushti11@example.com
customer-02607,Unnati Mukherjee,vasudha33@example.net
customer-02608,Warjas Rama,gsengupta@example.com
customer-02609,Dayamai Kant,bathjonathan@example.org
customer-02610,Ryan Aggarwal,rudrakapoor@example.com
customer-02611,Falak Pandey,guhabenjamin@example.net
customer-02612,Aryan Atwal,urvashi12@example.com
customer-02613,Tanish Sarkar,parmerhiral@example.net
customer-02614,Janya Nath,jeremiahraj@example.net
customer-02615,Arya Sharma,tjhaveri@example.org
customer-02616,Teerth Pai,esoman@example.com
customer-02617,Banjeet Krishnamurthy,uchawla@example.org
customer-02618,Advay Buch,veda85@example.net
customer-02619,Widisha Naidu,vinayalanka@example.com
customer-02620,Gagan Devan,issackabir@example.com
customer-02621,Vivaan Swamy,ravibina@example.com
customer-02622,Odika Dasgupta,parsaparth@example.com
customer-02623,Jonathan Sagar,imaransanghvi@example.com
customer-02624,Kavya Vig,sameshroy@example.com
customer-02625,Raagini Borah,dassharsh@example.net
customer-02626,Jasmit Oak,travel@example.net
customer-02627,Baghyawati Malhotra,fkrishnan@example.net
customer-02628,Zaid Bhatia,ekbalpradhan@example.net
customer-02629,Brijesh Bora,wazir71@example.com
customer-02630,Chaman Rana,onkar78@example.org
customer-02631,Irya Deol,enair@example.net
customer-02632,Chaman Gala,esagar@example.org
customer-02633,Gopal Karpe,kaulgayathri@example.org
customer-02634,Hemangini Dixit,tbatra@example.com
customer-02635,Harish Badal,victorsem@example.com
customer-02636,Ishaan Randhawa,ukala@example.org
customer-02637,Timothy Jaggi,yadavomaja@example.net
customer-02638,Kabir Goda,jagvi56@example.com
customer-02639,Kamala Lanka,buchmadhav@example.net
customer-02640,Nachiket Bhavsar,parsawriddhish@example.net
customer-02641,Tanish Sharaf,alkasaxena@example.com
customer-02642,Warhi Radhakrishnan,onkar49@example.org
customer-02643,Shaurya Prakash,liam32@example.org
customer-02644,Prisha Sagar,nilimavarghese@example.org
customer-02645,Manbir Mahajan,tatarachit@example.com
customer-02646,Janani Nath,aahananazareth@example.org
customer-02647,Karan Sharaf,nagyjonathan@example.net
customer-02648,Dipta Reddy,amolghose@example.net
customer-02649,Ria Dutta,qabil99@example.net
customer-02650,Janaki Upadhyay,esolanki@example.net
customer-02651,Anay Banerjee,tlall@example.net
customer-02652,Tanmayi Ram,turvimemon@example.com
customer-02653,Onveer Raju,sarthak23@example.org
customer-02654,Aayush Dani,zwali@example.org
customer-02655,Ranbir Natt,maya34@example.com
customer-02656,Girindra Baria,gautam16@example.net
customer-02657,Jasmit Panchal,dayitachawla@example.com
customer-02658,Mekhala Patil,manijanani@example.org
customer-02659,Ikshita Sama,lnayar@example.net
customer-02660,Yashawini Peri,jchoudhary@example.net
customer-02661,Waida Ganesan,banjeetchada@example.com
customer-02662,Ikshita Garg,nicholas06@example.org
customer-02663,Lakshmi Devan,hritik28@example.org
customer-02664,Radha Ram,anandwarhi@example.net
customer-02665,Vasana Ray,shankargauri@example.net
customer-02666,Laksh Apte,bupadhyay@example.org
customer-02667,Jhalak Ray,balhaarsolanki@example.com
customer-02668,Jacob Acharya,tsethi@example.net
customer-02669,Amruta Singhal,sbhagat@example.org
customer-02670,Ethan Vyas,charitaverma@example.org
customer-02671,Warinder Chowdhury,tara26@example.net
customer-02672,Lila Pau,nbasak@example.org
customer-02673,Bhavika Babu,michaelsachdev@example.org
customer-02674,Neelima Hans,neelimakamdar@example.net
customer-02675,Aarini Kulkarni,kbutala@example.net
customer-02676,Owen Kapoor,yauvani30@example.net
customer-02677,Gaurika Sodhi,omkaarmani@example.org
customer-02678,Fariq Kade,prabhakarchaitaly@example.net
customer-02679,Aahana Arora,chandaalka@example.com
customer-02680,Ojasvi Borra,inayaswaminathan@example.com
customer-02681,Samarth Setty,charitaedwin@example.com
customer-02682,Baljiwan Parikh,amblesamesh@example.org
customer-02683,Eshana Rajagopal,yadavi51@example.org
customer-02684,Ranbir Bose,yashasvigill@example.org
customer-02685,Isaac Gokhale,aahanaarya@example.net
customer-02686,Ucchal Kapadia,basuoeshi@example.com
customer-02687,Omya Oommen,isuresh@example.com
customer-02688,Gautam Roy,jainaadhya@example.org
customer-02689,Yatan Madan,abaria@example.net
customer-02690,Oni Jha,advika83@example.org
customer-02691,Shravya Bala,bobalgavin@example.org
customer-02692,Anamika Vohra,shivanipatel@example.org
customer-02693,Christopher Guha,uparmer@example.net
customer-02694,Joshua Prashad,thamandhruv@example.com
customer-02695,Chakradev Sood,kulkarniparth@example.net
customer-02696,Amaira Issac,zkannan@example.org
customer-02697,Isaiah Kumer,rmandal@example.org
customer-02698,Banjeet Kaur,jeetpillai@example.com
customer-02699,Vedant Baria,eeshabath@example.com
customer-02700,Sathvik Mohan,rachit79@example.net
customer-02701,Saksham Shere,kibeganga@example.net
customer-02702,Naveen Mandal,kchhabra@example.com
customer-02703,Yagnesh Bora,lakshitmanne@example.com
customer-02704,Chandani Naik,jsankar@example.org
customer-02705,Gaurav Sachdev,upma22@example.org
customer-02706,Chakradhar Mitter,deepachaudhry@example.org
customer-02707,Kalpit Savant,bahlchavvi@example.net
customer-02708,Yatan Dara,dadaranveer@example.net
customer-02709,Robert Vasa,faraj48@example.net
customer-02710,Bimala Krishnamurthy,ojasmaster@example.com
customer-02711,Bhanumati Badal,sureshyashica@example.com
customer-02712,Charan Seth,yahvidugar@example.org
customer-02713,Alka Setty,deepajha@example.org
customer-02714,Radhika Tandon,falan18@example.net
customer-02715,Ranveer Doctor,sureshira@example.com
customer-02716,Jasmit Kapoor,ishaloke@example.org
customer-02717,Yochana Mann,brastogi@example.net
customer-02718,Ekaja Chana,nitaradhingra@example.com
customer-02719,Parth Madan,yahvi99@example.net
customer-02720,Tanmayi Vyas,jack73@example.net
customer-02721,Hardik Mani,ishanvimerchant@example.net
customer-02722,Gaurangi Radhakrishnan,abhimanyu57@example.net
customer-02723,Sanya Kala,kalaanvi@example.com
customer-02724,Charvi Yogi,bhattinakul@example.com
customer-02725,Mitali Datta,mohini65@example.org
customer-02726,Avni Mangal,zaitrapatla@example.net
customer-02727,Krish Kapadia,gchoudhary@example.com
customer-02728,Yasti Setty,qarin59@example.com
customer-02729,Falak Patla,amrutanaik@example.net
customer-02730,Ayushman Chauhan,deepagoda@example.net
customer-02731,Vrishti Date,vihaanbarad@example.net
customer-02732,Ethan Venkataraman,xsani@example.net
customer-02733,Udarsh Suresh,mvarma@example.net
customer-02734,Aarnav Patil,finnsridhar@example.net
customer-02735,Darika Mukhopadhyay,gaurangsarma@example.com
customer-02736,Vincent Kadakia,janaki33@example.net
customer-02737,Qushi Oza,raaginidara@example.org
customer-02738,Abdul Prasad,hritikdeo@example.org
customer-02739,Aishani Chander,hansvamakshi@example.com
customer-02740,Zinal Parsa,fbaral@example.org
customer-02741,Kalpit Bir,fsavant@example.com
customer-02742,Wriddhish Konda,ithaman@example.org
customer-02743,Radha Ramachandran,ladraagini@example.org
customer-02744,Robert Aggarwal,moditristan@example.net
customer-02745,Xiti Ramanathan,sanya77@example.com
customer-02746,Isha Buch,yashica47@example.org
customer-02747,Christopher Gill,wahluwalia@example.net
customer-02748,Kala Shetty,gaurika62@example.com
customer-02749,Charles Bansal,edeshmukh@example.org
customer-02750,Vivaan Som,vbal@example.net
customer-02751,Dayita Bhakta,maniguneet@example.net
customer-02752,Parth Thaman,apuri@example.net
customer-02753,Lekha Ben,upadhriti39@example.net
customer-02754,Yashodhara Pillay,avni68@example.org
customer-02755,Netra Raman,qmadan@example.com
customer-02756,Caleb Chanda,dkaran@example.org
customer-02757,Gagan Gill,daraanjali@example.org
customer-02758,Christopher Magar,dandra@example.net
customer-02759,Balhaar Kota,iroy@example.net
customer-02760,Henry Dua,chackoavi@example.org
customer-02761,Ishaan Zacharia,zachariahnimrat@example.com
customer-02762,Vaishnavi Kala,dorahiral@example.net
customer-02763,Ucchal Guha,nkannan@example.net
customer-02764,Nachiket Gara,sai58@example.com
customer-02765,Nitesh Patla,nadigpratyush@example.org
customer-02766,Pratyush Varty,bkeer@example.com
customer-02767,Ekanta Kakar,shantripti@example.com
customer-02768,Ubika Bhakta,yiyengar@example.com
customer-02769,Anirudh Sibal,boserachita@example.com
customer-02770,Chaman Chaudhari,anikachand@example.com
customer-02771,Joshua Comar,tmane@example.com
customer-02772,Aadhya Pandya,taragokhale@example.com
customer-02773,Indira Nanda,robert26@example.net
customer-02774,Wriddhish Gala,avni71@example.org
customer-02775,Yatin Ramachandran,kotaati@example.com
customer-02776,Lucky Master,nathanielmadan@example.net
customer-02777,Dalbir Sur,unnigour@example.org
customer-02778,Omisha Seth,kamalasanghvi@example.org
customer-02779,Harsh Mangat,patlachakradev@example.com
customer-02780,Nilima Swamy,lpatla@example.net
customer-02781,Oeshi Gopal,karilaban@example.org
customer-02782,Zaitra Raju,ishwarbhatia@example.org
customer-02783,Tarak Khurana,niharika10@example.org
customer-02784,Bhavani Khatri,siya21@example.com
customer-02785,Aryan Khatri,ckonda@example.org
customer-02786,Aadi Vala,vkulkarni@example.net
customer-02787,Atharv Dhillon,banerjeesanya@example.net
customer-02788,Upma Tandon,mangatchanchal@example.net
customer-02789,Ekaja Mangal,walichandani@example.net
customer-02790,Anmol Sanghvi,manyapant@example.org
customer-02791,Tarak Parsa,vinaya27@example.org
customer-02792,Jeet Bhakta,chandreshguha@example.com
customer-02793,Neha Walia,upadhyaybachittar@example.com
customer-02794,Darsh Peri,duttaluke@example.org
customer-02795,Meera Deshpande,qgupta@example.com
customer-02796,Yug Doctor,kiaan11@example.net
customer-02797,Mohini Khalsa,maanas58@example.org
customer-02798,Nihal Savant,calebsankar@example.org
customer-02799,Anamika Shukla,krishsane@example.org
customer-02800,Yagnesh Sami,lakshmi05@example.net
customer-02801,Peter Modi,fchoudhary@example.com
customer-02802,Damyanti Bir,rudrakari@example.net
customer-02803,Jairaj Jaggi,qtak@example.net
customer-02804,Falak Grewal,grewalgagan@example.net
customer-02805,Aadi Rama,kala00@example.net
customer-02806,Chasmum Grover,ethan59@example.com
customer-02807,Zehaan Dube,vivaanmannan@example.com
customer-02808,Rajeshri Prabhu,pinglesaksham@example.com
customer-02809,Rajeshri Sood,nidhitata@example.com
customer-02810,Abdul Aurora,vidhi17@example.net
customer-02811,Urvashi Char,settygautam@example.net
customer-02812,Wazir Saha,lgulati@example.org
customer-02813,Upasna Srivastava,harsh59@example.org
customer-02814,Praneel Hayer,jasmitupadhyay@example.org
customer-02815,Balveer Raval,jpradhan@example.org
customer-02816,Henry Setty,danimason@example.org
customer-02817,Quincy Sawhney,rachanamore@example.com
customer-02818,Nilima Vora,mandalturvi@example.net
customer-02819,Lavanya Din,isha64@example.com
customer-02820,Rudra Khare,dugarzarna@example.org
customer-02821,Chakrika Karpe,balaelijah@example.org
customer-02822,Peter Toor,aryapratyush@example.com
customer-02823,Max Dhar,ganesanmason@example.org
customer-02824,Henry Venkatesh,xbasu@example.org
customer-02825,Chandran Memon,frama@example.org
customer-02826,Ekta Sachdev,jbansal@example.org
customer-02827,Nathan Kapur,morekevin@example.org
customer-02828,Saumya Jani,tsood@example.com
customer-02829,Victor Madan,kashviviswanathan@example.com
customer-02830,Dominic Garde,pchowdhury@example.com
customer-02831,Kalpit Kapoor,imaranranganathan@example.net
customer-02832,Riya Shenoy,tpradhan@example.net
customer-02833,Zashil Sangha,deepwilliam@example.net
customer-02834,Falak Murty,opalla@example.org
customer-02835,Tarak Mangat,megha40@example.org
customer-02836,Manbir Sen,lborah@example.org
customer-02837,Ria Ravi,falanmistry@example.com
customer-02838,Anusha Uppal,rauanmol@example.org
customer-02839,Anvi Madan,vasatikaborah@example.com
customer-02840,Neel Pant,nairmohammed@example.org
customer-02841,Ekanta Jayaraman,vbasak@example.com
customer-02842,Yatan Vora,teerth28@example.org
customer-02843,Yashica Kamdar,bbajwa@example.com
customer-02844,Panini Bhalla,bmahal@example.org
customer-02845,Yash Chaudhuri,jaggidipta@example.com
customer-02846,Baljiwan Bora,aparsa@example.org
customer-02847,Gaurika Kothari,ijaya24@example.net
customer-02848,Vritti Randhawa,mallidika@example.com
customer-02849,Amaira Sarin,hemang88@example.com
customer-02850,Turvi Ganesh,qabil26@example.org
customer-02851,Irya Nagarajan,vansha73@example.com
customer-02852,Mohini Rao,ekalingabansal@example.com
customer-02853,Diya Sheth,deshmukhkashish@example.net
customer-02854,Om Menon,dugarreva@example.com
customer-02855,Siya Varty,pushti15@example.com
customer-02856,Wyatt Soni,doctorbrijesh@example.com
customer-02857,Champak Sachar,nimrat12@example.com
customer-02858,Rajata Babu,desaiaarush@example.org
customer-02859,Unnati Balasubramanian,jhalak81@example.com
customer-02860,Ucchal Raval,ishwarparmar@example.org
customer-02861,Dipta Keer,reva82@example.org
customer-02862,Jatin Vala,yashvi47@example.com
customer-02863,Jack Kaur,neel58@example.org
customer-02864,Kavya Bhavsar,yashodharapandya@example.net
customer-02865,Girish Chopra,chakrikanaidu@example.com
customer-02866,Henry Srinivasan,barmannidhi@example.com
customer-02867,Tripti Johal,suriudarsh@example.net
customer-02868,Ayaan Dada,barmankala@example.net
customer-02869,Ekaraj Sheth,damyanti27@example.com
customer-02870,Jacob Menon,hedwin@example.com
customer-02871,George Dhar,kashish45@example.org
customer-02872,Lopa Mitter,ikshita67@example.org
customer-02873,Aarini Thaman,meghabatta@example.org
customer-02874,Darsh Garde,anamikasahota@example.net
customer-02875,Balendra Seshadri,charitabakshi@example.net
customer-02876,George Kaul,sekhonkrishna@example.com
customer-02877,Upadhriti Ratta,nagarbaghyawati@example.org
customer-02878,Chaaya Chakrabarti,saksham19@example.net
customer-02879,Yauvani Dhaliwal,iyengarbarkha@example.com
customer-02880,Manthan Raj,pratyush85@example.com
customer-02881,Jagat Kapoor,dsuresh@example.net
customer-02882,Arin Bose,daksheshlall@example.com
customer-02883,Wriddhish Jani,shenoychanchal@example.org
customer-02884,Ikshita Kadakia,msheth@example.net
customer-02885,Ekanta Kumar,ytank@example.org
customer-02886,Harini Dave,sarthakdevi@example.net
customer-02887,Upadhriti Ramachandran,kapurbrijesh@example.com
customer-02888,Raagini Khurana,tbawa@example.com
customer-02889,Upadhriti Bir,eahuja@example.net
customer-02890,Rudra Tak,hanszayan@example.com
customer-02891,Abdul Goda,vasatika18@example.com
customer-02892,Yashoda Ben,charles91@example.com
customer-02893,Rohan Subramaniam,yug59@example.net
customer-02894,Gaurav Balakrishnan,nborde@example.net
customer-02895,Ayushman Uppal,chandresh76@example.org
customer-02896,Yachana Parmer,ichauhan@example.net
customer-02897,Ishaan Jain,ahari@example.net
customer-02898,Keya Naik,ramanmaanas@example.com
customer-02899,Libni Memon,rakshasarraf@example.net
customer-02900,Tripti Subramanian,loganbawa@example.net
customer-02901,Yatan Chaudhari,pushtikale@example.org
customer-02902,Farhan Karan,anandpriya@example.net
customer-02903,Ethan Singhal,padmanabhangopal@example.net
customer-02904,Patrick Ghosh,buchjanya@example.org
customer-02905,Nikita Toor,ishita54@example.net
customer-02906,Lavanya Brar,vchoudhry@example.org
customer-02907,Yadavi Mane,ekapadvarma@example.com
customer-02908,Arya Naidu,manyakuruvilla@example.com
customer-02909,Yuvraj Dara,dnatarajan@example.com
customer-02910,Neel Manne,cpillai@example.org
customer-02911,Aayush Sane,daveharita@example.net
customer-02912,Urishilla Hayer,vasudhabuch@example.org
customer-02913,Chanchal Barman,varenya59@example.org
customer-02914,Madhavi Nagar,tchandra@example.com
customer-02915,Nakul Memon,hkara@example.com
customer-02916,Qasim Pillai,mmanne@example.org
customer-02917,Tanvi Dada,wmody@example.org
customer-02918,Rudra Sundaram,nilima97@example.com
customer-02919,Hemangini Loke,anthonysant@example.com
customer-02920,Sai Rana,rshankar@example.org
customer-02921,Ranveer Behl,janilucky@example.com
customer-02922,Amruta Brar,jonathanjani@example.com
customer-02923,Oviya Palan,amrutabhandari@example.net
customer-02924,Harinakshi Goyal,rushil93@example.com
customer-02925,Isha Jain,avenkataraman@example.com
customer-02926,Aryan Kari,harigayathri@example.net
customer-02927,Azad Nori,faqidpalla@example.org
customer-02928,Unnati Rajagopal,yparikh@example.net
customer-02929,Garima Chadha,lakshitkunda@example.net
customer-02930,Abdul Manda,dnagarajan@example.org
customer-02931,Girindra Kunda,dakshesh72@example.com
customer-02932,Panini Tella,sehgalkevin@example.com
customer-02933,Zinal Johal,subramaniamkamya@example.org
customer-02934,Gagan Oza,iraju@example.org
customer-02935,Qushi Dhaliwal,tminhas@example.com
customer-02936,Geetika Kar,nagarsiddharth@example.com
customer-02937,Vasana Pingle,jatin36@example.com
customer-02938,Naveen Pillai,owagle@example.net
customer-02939,Kamya Shah,vgokhale@example.org
customer-02940,Falguni Raman,somanirudh@example.net
customer-02941,Amrita Bhatia,chaitanyawali@example.org
customer-02942,Harini Kibe,sviswanathan@example.com
customer-02943,Raghav Kumar,chadindrajit@example.com
customer-02944,Isha Gade,diyasrinivas@example.org
customer-02945,Garima Apte,iraraghavan@example.com
customer-02946,Matthew Krish,charviperi@example.org
customer-02947,Gautam Shere,okrish@example.org
customer-02948,Geetika Lata,ridhimander@example.com
customer-02949,Ekansh Butala,akshaykhare@example.org
customer-02950,Upadhriti Arya,aradhana39@example.org
customer-02951,Isha Sidhu,edada@example.org
customer-02952,Dhruv Thaman,ekani61@example.com
customer-02953,Abdul Dar,mekhala39@example.com
customer-02954,Christopher Iyer,dayitasahota@example.com
customer-02955,Thomas Kata,cbadami@example.org
customer-02956,Karan D’Alia,gaurika22@example.org
customer-02957,Ronith Rama,knarain@example.org
customer-02958,Nisha Saran,eshere@example.com
customer-02959,Omaja Ahluwalia,tgoyal@example.net
customer-02960,Manya Tank,kumerarin@example.org
customer-02961,Mohammed Bhandari,manealexander@example.com
customer-02962,Chanakya Sachdev,bpradhan@example.com
customer-02963,Chatura Wable,hemangchanda@example.org
customer-02964,Balendra Patla,geetika51@example.net
customer-02965,Yahvi Sehgal,isaac76@example.org
customer-02966,Chaaya Lall,raaginisamra@example.com
customer-02967,Gautam Radhakrishnan,gopalmani@example.net
customer-02968,Benjamin Chopra,christopherchaudhuri@example.org
customer-02969,Oscar Prakash,narulaonkar@example.org
customer-02970,Veer Mammen,ekantika23@example.com
customer-02971,Neel Kulkarni,umaster@example.org
customer-02972,Logan Divan,devanshgopal@example.net
customer-02973,Jeremiah Pau,vvora@example.net
customer-02974,Vansha Lall,jhaverimaanas@example.com
customer-02975,Udyati Suri,anay46@example.org
customer-02976,Krish Sanghvi,lopa54@example.com
customer-02977,Harita Kari,kondaharini@example.net
customer-02978,Vedant Bail,ndave@example.net
customer-02979,Alka Kothari,uhanda@example.net
customer-02980,Daksha Kamdar,abeerkarnik@example.com
customer-02981,Jairaj Balasubramanian,gayathri82@example.org
customer-02982,Victor Patel,aarinisengupta@example.com
customer-02983,Nathaniel Balay,narasimhaneiravati@example.net
customer-02984,Tejas Nadkarni,kashvichacko@example.net
customer-02985,Mekhala Ahluwalia,shafalan@example.org
customer-02986,Brijesh Mani,gauri24@example.net
customer-02987,Bhavika Din,ynadig@example.net
customer-02988,Nikita Oommen,sandallohit@example.net
customer-02989,Laban Rattan,wnagar@example.org
customer-02990,Advay Balakrishnan,varkeychaitanya@example.com
customer-02991,Sanya Kota,petersachdeva@example.org
customer-02992,Neelima Soni,williamdash@example.com
customer-02993,Vasatika Varma,fnaidu@example.org
customer-02994,Utkarsh Bumb,reyansh14@example.org
customer-02995,Girish Anand,binamisra@example.net
customer-02996,Niharika Hora,tanvibarad@example.com
customer-02997,Divya Nazareth,jhaveripranav@example.org
customer-02998,Tarak Varghese,pbhandari@example.org
customer-02999,Ati Sharma,wadhwacharles@example.org
customer-03000,Bakhshi Chaudhary,gaganravel@example.net
customer-03001,Mitali Ramanathan,gautamiravi@example.org
customer-03002,Oscar Dada,mahikamand@example.com
customer-03003,Krishna Sankaran,ahluwaliayug@example.com
customer-03004,Thomas Thakur,imaran06@example.org
customer-03005,Jackson Sachdev,modimohini@example.com
customer-03006,Chavvi Pal,sahayauvani@example.net
customer-03007,Forum Mammen,isaiah78@example.org
customer-03008,Girik Dora,harinimahal@example.com
customer-03009,Bishakha Apte,riyabala@example.com
customer-03010,Aryan Hayer,raagini20@example.com
customer-03011,Bhavna Puri,lakshgara@example.org
customer-03012,Maya Shroff,bhattsiddharth@example.com
customer-03013,Rayaan Gour,duttjalsa@example.com
customer-03014,Adya Walla,lakshganguly@example.net
customer-03015,Lajita Char,dkarnik@example.net
customer-03016,Hemangini Naik,chadasachi@example.net
customer-03017,Pooja Rajan,onveerrout@example.org
customer-03018,Geetika Kala,hardikdas@example.com
customer-03019,Sanya Sha,chandervictor@example.net
customer-03020,Yash Saraf,daksha49@example.com
customer-03021,Zashil Saha,gulatithomas@example.net
customer-03022,Anita Arya,opau@example.net
customer-03023,Yoshita Bajaj,zbora@example.com
customer-03024,Theodore Sharma,mannanveda@example.com
customer-03025,Mitali Madan,ira64@example.com
customer-03026,Ranveer Jha,suhanihalder@example.org
customer-03027,Bhanumati Bava,madannitesh@example.org
customer-03028,Sai Bandi,kaulyagnesh@example.com
customer-03029,Hitesh Kari,ladlisaraf@example.org
customer-03030,Edhitha Bora,vincent19@example.net
customer-03031,Elijah Ratti,grajagopal@example.org
customer-03032,Yatin Anand,gabaaadi@example.org
customer-03033,Ekapad Sood,yachana08@example.org
customer-03034,Nitara Bose,osankaran@example.com
customer-03035,Dhriti Tandon,blala@example.net
customer-03036,Faqid Gara,ckeer@example.org
customer-03037,Rajata Gokhale,echaudry@example.org
customer-03038,Fariq Suri,ythakur@example.com
customer-03039,Girindra Nath,kabirprasad@example.org
customer-03040,Manbir D’Alia,gayathrigokhale@example.com
customer-03041,Warjas Thakur,watikazacharia@example.com
customer-03042,Vasatika Shan,ypall@example.com
customer-03043,Amaira Varughese,prisha34@example.com
customer-03044,Panini Luthra,alkaprabhakar@example.net
customer-03045,Gabriel Cherian,dorazayan@example.com
customer-03046,Riya Nigam,pavaniparekh@example.com
customer-03047,Tanay Bajwa,pooja92@example.net
customer-03048,Libni Uppal,nachiketchaudhry@example.com
customer-03049,Harita Talwar,dkade@example.org
customer-03050,Urmi Soni,fbobal@example.net
customer-03051,Zaitra Sastry,sekhonqasim@example.org
customer-03052,Leela Dua,geetikakala@example.org
customer-03053,Ekansh Bawa,faqidtiwari@example.com
customer-03054,Veda Parikh,fbhatnagar@example.net
customer-03055,Zinal Munshi,ijayababu@example.org
customer-03056,Rishi Nath,leena71@example.org
customer-03057,Lohit Ravi,haldersneha@example.net
customer-03058,Eta Baral,madhaviviswanathan@example.net
customer-03059,Tanveer Mane,baralhenry@example.com
customer-03060,Pratyush Patla,fborde@example.org
customer-03061,Lakshit Munshi,mekhala14@example.net
customer-03062,Faraj Andra,david08@example.net
customer-03063,Laban Sood,kurianronith@example.com
customer-03064,Tripti Setty,pranitsubramanian@example.org
customer-03065,Michael Radhakrishnan,waidajoshi@example.com
customer-03066,Suhani Puri,gayathri19@example.net
customer-03067,Ekansh Saraf,chaturarajan@example.org
customer-03068,Balveer Jha,lloke@example.org
customer-03069,Osha Salvi,hrout@example.org
customer-03070,Mahika Tara,samilopa@example.org
customer-03071,Saumya Sankar,urvashi93@example.org
customer-03072,Rachit Subramanian,choudhuryshivani@example.com
customer-03073,Prisha Dave,anaik@example.com
customer-03074,Faqid Dube,narayananimaran@example.org
customer-03075,Hardik Tank,nirjakant@example.org
customer-03076,Girik Dubey,qarin61@example.org
customer-03077,Ekta Nagarajan,veda16@example.com
customer-03078,Hredhaan Kuruvilla,hardik47@example.com
customer-03079,Brijesh Pant,akshaygara@example.org
customer-03080,Pranit Bahl,nrout@example.org
customer-03081,Girik Bath,bnarasimhan@example.org
customer-03082,Dalbir Korpal,charvigrover@example.net
customer-03083,Lavanya Jayaraman,tanejanisha@example.org
customer-03084,Luke Karpe,advik80@example.net
customer-03085,Nihal Hari,ekavir93@example.com
customer-03086,Aarush Dass,vamakshi43@example.com
customer-03087,Vrinda Sheth,girik82@example.net
customer-03088,Darsh Devan,nedwin@example.org
customer-03089,Isaiah Hayer,uramesh@example.net
customer-03090,Baghyawati Chaudhuri,anjaliluthra@example.net
customer-03091,Charita Keer,daliahemang@example.net
customer-03092,Megha Tara,csaha@example.com
customer-03093,Unnati Krishna,mitalimadan@example.com
customer-03094,Pooja Deshmukh,misraatharv@example.net
customer-03095,Riya Sachar,anarasimhan@example.net
customer-03096,Jasmit Sachdeva,advik07@example.com
customer-03097,Jagat Choudhury,surmanya@example.net
customer-03098,Hemal Goyal,kpant@example.net
customer-03099,Gaurang Das,pahal70@example.net
customer-03100,Unnati Suri,onkar71@example.org
customer-03101,Manbir Pradhan,rohanswamy@example.net
customer-03102,Advika Hari,yadavi43@example.org
customer-03103,Gaurav Gaba,gaurikavirk@example.com
customer-03104,Ayushman Datta,xavierram@example.net
customer-03105,Owen Mukherjee,moommen@example.com
customer-03106,Pushti Singh,bhora@example.org
customer-03107,Wazir Pal,auroraranbir@example.org
customer-03108,Darsh Joshi,bandiqarin@example.com
customer-03109,Madhavi Karnik,jyotiseshadri@example.org
customer-03110,Raghav Bhavsar,timothypatla@example.net
customer-03111,Robert Date,kai08@example.com
customer-03112,Rajeshri Raja,lajitabuch@example.org
customer-03113,Mahika Menon,wlata@example.net
customer-03114,Harshil Rege,mistrygirindra@example.com
customer-03115,Yauvani Swamy,edwinkavya@example.net
customer-03116,Fitan Singh,bhavanimenon@example.net
customer-03117,Wriddhish Butala,modifrederick@example.com
customer-03118,Suhani Kara,lsha@example.net
customer-03119,Yashodhara Warrior,kprakash@example.com
customer-03120,Jeremiah Korpal,norichakradhar@example.org
customer-03121,Tanvi Chada,pushti79@example.net
customer-03122,Bhanumati Dada,anvi70@example.net
customer-03123,William Sane,ysabharwal@example.net
customer-03124,Warjas Dash,devansh53@example.net
customer-03125,Jonathan Dalal,vaidyapranit@example.com
customer-03126,Maanav Bassi,ramaswamyutkarsh@example.org
customer-03127,Vaishnavi Ray,xbera@example.net
customer-03128,Xiti Pillay,mitesh76@example.com
customer-03129,Mason Dayal,upadhyayorinder@example.org
customer-03130,Anirudh Dara,aganesh@example.org
customer-03131,Vidhi Kurian,meghadave@example.net
customer-03132,Meera Lanka,adweta52@example.net
customer-03133,Vihaan Ray,itailor@example.net
customer-03134,Ishita Sura,zloyal@example.com
customer-03135,Krishna Narang,mdani@example.com
customer-03136,Mohammed Bhargava,pbail@example.com
customer-03137,Yashasvi Saraf,wyatt48@example.net
customer-03138,Meera Mukhopadhyay,fitantrivedi@example.org
customer-03139,Manya Borde,prashadvamakshi@example.com
customer-03140,Nandini Dash,wablebalhaar@example.net
customer-03141,Abdul Nayar,dhillongayathri@example.org
customer-03142,Libni Rattan,anirudh53@example.net
customer-03143,Gauri Nagarajan,ssane@example.com
customer-03144,Harsh Sinha,dugaryashica@example.org
customer-03145,Arunima Devan,nagarpahal@example.com
customer-03146,Advaith Gupta,bavaikbal@example.net
customer-03147,Hitesh Sankar,bhataarini@example.net
customer-03148,Nimrat Parsa,kravel@example.net
customer-03149,Reva Pall,rakshasaha@example.net
customer-03150,Harsh Bhavsar,vedasood@example.org
customer-03151,Chameli Dutta,mohammed10@example.net
customer-03152,Samesh Kar,balvankoshy@example.net
customer-03153,Urishilla Gupta,fgandhi@example.org
customer-03154,Maanav Goswami,singhallila@example.org
customer-03155,Sanaya Sem,mekhalaloyal@example.org
customer-03156,Yuvraj Pillai,fkurian@example.net
customer-03157,Mitali Thakkar,ikbal94@example.org
customer-03158,Rachita Narula,prabhuavi@example.com
customer-03159,Gaurika Zachariah,rsandhu@example.com
customer-03160,Jonathan Sachdev,rgrewal@example.net
customer-03161,Ethan Panchal,madhavisahni@example.net
customer-03162,Madhavi Batta,nidhi77@example.com
customer-03163,Warjas Vora,lalekbal@example.net
customer-03164,Ansh Apte,nakshwason@example.com
customer-03165,Hitesh Krishnan,gayathricherian@example.net
customer-03166,Logan Rajagopalan,odika77@example.net
customer-03167,Edhitha Virk,saneharrison@example.com
customer-03168,Aadhya Mittal,routjalsa@example.net
customer-03169,Chameli Mital,dixitvrishti@example.com
customer-03170,Mitesh Sami,enarayan@example.net
customer-03171,Anusha Chanda,chandagabriel@example.com
customer-03172,Ekta Kalla,chahalikshita@example.org
customer-03173,Arunima Sibal,rameesha@example.net
customer-03174,Ladli Sekhon,vasanadeol@example.org
customer-03175,Harish Dubey,yborra@example.net
customer-03176,Bina Mishra,kaulchasmum@example.net
customer-03177,Chaman Hora,narulaodika@example.com
customer-03178,Qarin Amble,amolarya@example.com
customer-03179,Harsh Menon,annerushil@example.org
customer-03180,Andrew Mangat,brinda44@example.com
customer-03181,Lipika Chaudhari,xpatil@example.net
customer-03182,Tanay Sidhu,utkarshbiswas@example.net
customer-03183,Anya Ratta,bom@example.org
customer-03184,Rushil Pal,gautami38@example.com
customer-03185,Imaran Pal,vanshachakraborty@example.org
customer-03186,Chanakya Ram,sprashad@example.com
customer-03187,Bhanumati De,sanya88@example.net
customer-03188,Jyoti Prabhu,bdeshmukh@example.org
customer-03189,Tanish Hora,devikasrinivasan@example.org
customer-03190,Kamya Naidu,rsundaram@example.org
customer-03191,Girish Choudhry,isaiahkhare@example.org
customer-03192,Jagrati Karpe,hprasad@example.org
customer-03193,Siddharth Wali,trivediekantika@example.org
customer-03194,Tristan Krishnamurthy,william35@example.org
customer-03195,Anita Goda,ichowdhury@example.net
customer-03196,Harini Mitra,hritik79@example.org
customer-03197,Anthony De,chaudrychaitaly@example.org
customer-03198,Rehaan Gokhale,zaid73@example.net
customer-03199,Janani Anne,zarnagara@example.org
customer-03200,Zaid Vig,nicholas18@example.org
customer-03201,Shivani Palan,narainjeet@example.net
customer-03202,Hitesh Wable,farajhanda@example.com
customer-03203,Pratyush Kannan,edwinjasmit@example.org
customer-03204,Chandresh Lanka,ganesanvidhi@example.org
customer-03205,Wyatt Bhavsar,chandani19@example.net
customer-03206,Pratyush Biswas,agarwaleta@example.com
customer-03207,Qabil Ratti,udas@example.com
customer-03208,Sathvik Zacharia,ybahri@example.org
customer-03209,Neel Thakkar,emitter@example.com
customer-03210,Sudiksha Sachdeva,tseth@example.net
customer-03211,Wyatt Goda,mchana@example.net
customer-03212,Krishna Sanghvi,krisha95@example.com
customer-03213,Kabir Sidhu,bathnimrat@example.net
customer-03214,Geetika Goswami,usahni@example.org
customer-03215,Jeet Wali,tanay81@example.org
customer-03216,Peter Narayanan,ulad@example.com
customer-03217,Janaki Mand,wishi29@example.org
customer-03218,Finn Dhar,vrishtipau@example.org
customer-03219,Parth Pandey,wsura@example.com
customer-03220,Turvi Bedi,jkade@example.net
customer-03221,Vrinda Ratta,arjun65@example.org
customer-03222,Fariq Mallick,chakrabortyfrederick@example.org
customer-03223,Zashil Patla,subramaniamkeya@example.org
customer-03224,Yoshita Bajwa,krishasem@example.org
customer-03225,Omya Kala,wridesh89@example.org
customer-03226,Indira Gopal,xvarghese@example.org
customer-03227,Tara Rastogi,bhavinisavant@example.net
customer-03228,Brinda Varkey,lsuri@example.com
customer-03229,Noah Dhawan,aaravnanda@example.com
customer-03230,Advaith Bora,zrao@example.com
customer-03231,Viraj Pandya,mittalridhi@example.net
customer-03232,Aarini Jhaveri,bakhshi52@example.net
customer-03233,Elijah Wason,manbirkhurana@example.net
customer-03234,Girik Mukherjee,nathanmurty@example.net
customer-03235,Balvan Loyal,azadbuch@example.com
customer-03236,Sanaya Bassi,wray@example.com
customer-03237,Vinaya Andra,ubika68@example.org
customer-03238,Yuvraj Yogi,pgupta@example.net
customer-03239,Anjali Munshi,jjani@example.net
customer-03240,Chandran Prashad,owensarkar@example.org
customer-03241,Ubika Jayaraman,eeshanath@example.org
customer-03242,Zehaan Vyas,saimodi@example.net
customer-03243,Chanakya Jaggi,luthraayush@example.com
customer-03244,Thomas Karan,samesh24@example.net
customer-03245,Mitali Sanghvi,janani01@example.com
customer-03246,Eiravati Sura,bajajaarini@example.com
customer-03247,Yochana Rana,abhimanyusavant@example.net
customer-03248,Hemang Barman,pahalhora@example.net
customer-03249,Idika Wali,brahmbhattkevin@example.org
customer-03250,Sai Kannan,bthaker@example.net
customer-03251,Yashodhara Om,asuresh@example.com
customer-03252,Falguni Modi,hdayal@example.com
customer-03253,Forum Vohra,yashica81@example.org
customer-03254,Qabil Hayer,abdulpradhan@example.net
customer-03255,Vrishti Randhawa,aadi47@example.org
customer-03256,Pratyush Dhar,hegdebakhshi@example.org
customer-03257,Amol Kakar,daraansh@example.org
customer-03258,Anya Chanda,gauravravi@example.org
customer-03259,Ikbal Sood,sarya@example.com
customer-03260,Rishi Sachar,osha17@example.com
customer-03261,Bimala Patel,cchand@example.net
customer-03262,Deepa Vyas,kadakianitara@example.com
customer-03263,Chameli Sen,kashvitailor@example.com
customer-03264,Hritik Dixit,vartybachittar@example.com
customer-03265,Garima Thakkar,pranit22@example.net
customer-03266,Garima Talwar,damyantimisra@example.com
customer-03267,Max Saha,gpal@example.com
customer-03268,Chanakya Anand,atharv77@example.net
customer-03269,Oscar Borra,jasonnaik@example.org
customer-03270,Jeevika Dubey,eiravati69@example.org
customer-03271,Faqid Krish,qabil09@example.net
customer-03272,Tripti Bahl,lghose@example.com
customer-03273,Tarak Andra,smane@example.com
customer-03274,Mason Mammen,lavanyakale@example.com
customer-03275,Sanaya Prakash,jacksonsengupta@example.net
customer-03276,Rachana Keer,dattaxalak@example.net
customer-03277,Chakrika Pall,agupta@example.com
customer-03278,Dominic Bajwa,asura@example.net
customer-03279,Janaki Vaidya,chamelimistry@example.org
customer-03280,Xiti Karnik,abdulganesan@example.org
customer-03281,Nisha Parsa,soniucchal@example.net
customer-03282,Fitan Murthy,waliyashodhara@example.net
customer-03283,Garima Rajagopal,swamyabeer@example.com
customer-03284,Chaman Taneja,lajita29@example.com
customer-03285,Xiti Muni,meghanachoudhry@example.net
customer-03286,Hredhaan Krishnamurthy,geraharinakshi@example.net
customer-03287,Unnati Prabhakar,saxenatripti@example.net
customer-03288,Alka Muni,wsandhu@example.org
customer-03289,Saanvi Issac,kapoormanya@example.net
customer-03290,Onkar Prabhakar,harizinal@example.com
customer-03291,Ishaan Goda,gauravsane@example.com
customer-03292,Manthan Bakshi,vansha37@example.org
customer-03293,Radha Sehgal,madhaviloke@example.com
customer-03294,Ojasvi Palla,liambail@example.org
customer-03295,Niharika Garde,zcontractor@example.com
customer-03296,Champak Rau,shivansh08@example.org
customer-03297,Harita Bansal,isanghvi@example.net
customer-03298,Abhiram Kala,fchopra@example.com
customer-03299,Yamini Mitter,sbalasubramanian@example.com
customer-03300,Aditya Mand,aradhana08@example.net
customer-03301,Mekhala Raman,jairaj99@example.net
customer-03302,Dhriti Shenoy,dkonda@example.com
customer-03303,Wakeeta Basak,kpai@example.org
customer-03304,Frado Sahota,dayita64@example.com
customer-03305,Madhavi Divan,dyalfiyaz@example.org
customer-03306,Tripti Handa,anamikamemon@example.org
customer-03307,Vedika Palla,hprabhu@example.com
customer-03308,Vyanjana Bakshi,manya64@example.org
customer-03309,Aayush Kamdar,kashishchokshi@example.com
customer-03310,Adya Venkatesh,knadig@example.org
customer-03311,Zilmil Kaur,hamsiniupadhyay@example.net
customer-03312,Ayushman Basu,dpalan@example.org
customer-03313,Omkaar Soni,ishanivasa@example.com
customer-03314,Chatresh Mammen,farajviswanathan@example.com
customer-03315,Ethan Datta,tarak24@example.net
customer-03316,Mugdha Dhillon,maya54@example.org
customer-03317,Rachit Tiwari,bhavya94@example.com
customer-03318,Benjamin Malhotra,grewalnikita@example.com
customer-03319,Vinaya Chauhan,bailranbir@example.org
customer-03320,Chanchal Dutta,kaulanay@example.com
customer-03321,Chanchal Chawla,borradalaja@example.com
customer-03322,Rohan Bose,harshtata@example.net
customer-03323,Sara Kuruvilla,adya09@example.net
customer-03324,Atharv Mukhopadhyay,nandinikuruvilla@example.net
customer-03325,Jonathan Bajwa,parekhwridesh@example.com
customer-03326,Triveni Khosla,theodoregupta@example.org
customer-03327,Wridesh Din,fyadav@example.org
customer-03328,Abeer Gopal,bsengupta@example.net
customer-03329,Tejas Doshi,sara89@example.com
customer-03330,Yagnesh Balan,timothy04@example.net
customer-03331,Ekani Chandran,amistry@example.com
customer-03332,Gabriel Panchal,ldugar@example.com
customer-03333,Yachana Sani,yraju@example.org
customer-03334,Harrison Nagar,wsastry@example.org
customer-03335,Ekiya Sen,aachal87@example.net
customer-03336,Aradhana Chand,mjaggi@example.org
customer-03337,Sarthak Setty,faqid01@example.com
customer-03338,Ronith Behl,shivanidube@example.com
customer-03339,Samuel Ben,frederick10@example.net
customer-03340,Jeremiah Karnik,balizehaan@example.com
customer-03341,Diya Apte,braranjali@example.net
customer-03342,Ganga Shere,prisha39@example.net
customer-03343,Yatan Manne,siyamohanty@example.com
customer-03344,Andrew Dyal,shaurya30@example.net
customer-03345,Nathaniel Bhatti,svenkataraman@example.com
customer-03346,Oscar Dave,lbahl@example.org
customer-03347,Simon Buch,salvizashil@example.com
customer-03348,Radha Vora,frederick74@example.net
customer-03349,Yachana Purohit,fsen@example.com
customer-03350,Aarna Desai,waglechatresh@example.com
customer-03351,Chaman Raja,harinakshi35@example.org
customer-03352,Waida Ramesh,lakshmikamdar@example.net
customer-03353,Nidra Chada,bhallaqabil@example.com
customer-03354,Guneet Pandit,vasatika52@example.org
customer-03355,Chaitanya Ravi,rbajwa@example.com
customer-03356,Chavvi Pau,wahab95@example.org
customer-03357,Harita Tandon,psathe@example.com
customer-03358,Darpan Bal,jaggianamika@example.org
customer-03359,Siddharth Raja,mwarrior@example.com
customer-03360,Aadi Batta,ddutta@example.com
customer-03361,Nitesh Krishna,karianay@example.com
customer-03362,Fariq Behl,arya30@example.net
customer-03363,Yashasvi Mahal,balarachana@example.com
customer-03364,Ijaya Sabharwal,ekorpal@example.net
customer-03365,Omisha Bakshi,isaiahmandal@example.com
customer-03366,Balveer Saini,saxenamugdha@example.org
customer-03367,Vanya Mani,sbhagat@example.net
customer-03368,Naveen Gupta,rayaanmital@example.net
customer-03369,Unnati Mani,imemon@example.org
customer-03370,Pavani Rege,advika53@example.com
customer-03371,Parth Nagy,pavani11@example.net
customer-03372,Gagan Tata,ojain@example.net
customer-03373,Anamika Pingle,xalakmishra@example.org
customer-03374,Rehaan Vig,vigdayamai@example.net
customer-03375,Lakshmi Rajagopal,azaangera@example.org
customer-03376,Saumya Chauhan,khalsareyansh@example.com
customer-03377,Chanchal Gola,hayertimothy@example.com
customer-03378,Xalak Kapoor,vedantbasak@example.com
customer-03379,Bhanumati Mangal,sganesh@example.net
customer-03380,Amruta Garde,mbhagat@example.com
customer-03381,Mahika Gola,zchatterjee@example.com
customer-03382,Harita Keer,raaginimanda@example.com
customer-03383,Garima Lala,brijesh38@example.net
customer-03384,Max Dutt,kevinprakash@example.net
customer-03385,Ishanvi Murty,sarmameghana@example.org
customer-03386,Shivansh Shankar,qjoshi@example.net
customer-03387,Dalaja Pillay,waglenetra@example.org
customer-03388,Manya Sabharwal,baghyawatikala@example.org
customer-03389,Suhani Mukherjee,dev85@example.com
customer-03390,Netra Virk,routwarda@example.com
customer-03391,Hredhaan Sankar,rishibahl@example.net
customer-03392,Daksh Solanki,advaithprasad@example.org
customer-03393,Vrishti Ratta,bina70@example.com
customer-03394,Raksha Varkey,watika15@example.com
customer-03395,Ishaan Tiwari,vanya65@example.com
customer-03396,Janya Karnik,brijesh40@example.org
customer-03397,Vritti Chana,ranarudra@example.com
customer-03398,Pallavi Contractor,pmall@example.com
customer-03399,Ryan Agate,mitali38@example.org
customer-03400,Udyati Char,pauudant@example.com
customer-03401,Inaya Patel,gaurangjhaveri@example.net
customer-03402,Jagrati Wable,varghesekrisha@example.com
customer-03403,Neha Sankar,jkothari@example.org
customer-03404,Dakshesh Sami,abhiram45@example.net
customer-03405,Falak Viswanathan,keergirindra@example.com
customer-03406,Yashica Gaba,madhav97@example.com
customer-03407,Netra Sekhon,gpatil@example.org
customer-03408,Thomas Sanghvi,hitesh37@example.com
customer-03409,Om Deep,oscarpillay@example.org
customer-03410,Krishna Balakrishnan,upma74@example.com
customer-03411,Ojasvi Sekhon,daksh59@example.org
customer-03412,Noah Hayre,badalinaya@example.com
customer-03413,Laksh Kanda,suhani41@example.net
customer-03414,Darika Upadhyay,samuel78@example.com
customer-03415,Bachittar Varkey,psawhney@example.com
customer-03416,Warda Sandal,arjun08@example.net
customer-03417,Lila Batra,yuvraj09@example.net
customer-03418,Ayushman Karnik,harizilmil@example.org
customer-03419,Chanakya Sampath,rayaan69@example.org
customer-03420,Upadhriti Hayre,ikbal14@example.org
customer-03421,Bishakha Chaudhuri,darpan41@example.com
customer-03422,Mitali Dayal,maniomisha@example.com
customer-03423,Aahana Gokhale,hardik92@example.com
customer-03424,Orinder Soni,jhalaksoni@example.net
customer-03425,Madhav Ramaswamy,adya40@example.net
customer-03426,Krishna Kaur,joshua49@example.com
customer-03427,Qarin Palan,sbora@example.net
customer-03428,Mohini Sunder,duttadev@example.com
customer-03429,Chakradev Sankaran,ipandey@example.com
customer-03430,Kamya Mukherjee,krishnalibni@example.net
customer-03431,Sai Chaudry,xgupta@example.org
customer-03432,Harinakshi Nanda,xbir@example.com
customer-03433,Vaishnavi Acharya,fbarad@example.net
customer-03434,Jacob Babu,srinivasgeorge@example.net
customer-03435,Lila Dugal,girishvyas@example.net
customer-03436,Om Khalsa,ysangha@example.com
customer-03437,Anjali Varughese,ishani09@example.com
customer-03438,Manya Manda,lmall@example.org
customer-03439,Oviya Chaudhry,elijahdugar@example.org
customer-03440,Chandran Dubey,mrastogi@example.org
customer-03441,Nikita Rajagopal,sanayabansal@example.net
customer-03442,Chatura Lata,wpandey@example.net
customer-03443,Samesh Dey,anikamody@example.com
customer-03444,Bimala Chaudhuri,rushil51@example.net
customer-03445,Darika Sarma,ryan70@example.com
customer-03446,Jagvi Mitra,hsavant@example.net
customer-03447,Advik Rajan,sgarg@example.net
customer-03448,Mitesh Batta,keya53@example.net
customer-03449,Parth Dutt,opall@example.net
customer-03450,Upadhriti Reddy,jbhandari@example.org
customer-03451,Devansh Ramachandran,pathakdiya@example.org
customer-03452,Jacob Nadig,mjoshi@example.com
customer-03453,Zayyan Bir,umang53@example.com
customer-03454,Omisha Apte,sudiksha06@example.com
customer-03455,Ishani Bhavsar,hritik23@example.net
customer-03456,Chatresh Nayak,ranbir71@example.net
customer-03457,Chavvi Gera,aishani26@example.org
customer-03458,Ekaja Pal,andrabenjamin@example.org
customer-03459,Mohini Mammen,kavyadhawan@example.com
customer-03460,Zansi Shroff,gbutala@example.org
customer-03461,Ekalinga Bhalla,yashica15@example.org
customer-03462,Jagvi Barman,vbhargava@example.net
customer-03463,Yagnesh Konda,tiwarimeera@example.org
customer-03464,Henry Natarajan,okota@example.com
customer-03465,Chandani Varkey,ijoshi@example.com
customer-03466,Jagat Nigam,raksha84@example.org
customer-03467,Nathan Mitra,jacobkumer@example.org
customer-03468,Laksh Dora,aggarwalandrew@example.com
customer-03469,Aadi Sangha,daniel78@example.com
customer-03470,Samaksh Mohan,george74@example.net
customer-03471,Rajeshri Banerjee,ramanbrinda@example.org
customer-03472,Aradhana Datta,sathvik21@example.com
customer-03473,Chaman Kala,fnigam@example.com
customer-03474,Gopal Gandhi,cmenon@example.com
customer-03475,Ranveer Walla,esethi@example.org
customer-03476,Theodore Andra,dsoni@example.org
customer-03477,Frado Soni,lipikasood@example.com
customer-03478,Dipta Deshmukh,dayamai78@example.net
customer-03479,Saanvi Grewal,ladli22@example.net
customer-03480,Fiyaz Krishnan,hemangshanker@example.net
customer-03481,Chaaya Misra,frederick55@example.com
customer-03482,Atharv Dyal,jairaj17@example.net
customer-03483,Anika Upadhyay,basujacob@example.org
customer-03484,Januja Chand,fminhas@example.org
customer-03485,Girik Gulati,hbuch@example.org
customer-03486,Ayushman Dugar,chhabraxiti@example.com
customer-03487,Yagnesh Bajwa,nicholas84@example.com
customer-03488,Chanchal Maharaj,ganeshtanay@example.org
customer-03489,Bhavini Talwar,turvi04@example.org
customer-03490,Yashodhara Malhotra,gardeaarini@example.com
customer-03491,Hiral Das,bhanumati47@example.com
customer-03492,Zilmil Solanki,nganesh@example.net
customer-03493,Libni Nagarajan,bishakha91@example.com
customer-03494,Udarsh Radhakrishnan,wgoyal@example.com
customer-03495,Hemani Kumer,dayita54@example.com
customer-03496,Manan Borra,yatanloyal@example.com
customer-03497,Ubika Jhaveri,nmann@example.com
customer-03498,Sai Morar,bpanchal@example.net
customer-03499,Lakshit Mital,xalakgour@example.com
customer-03500,Keya Bhardwaj,ektakumer@example.org
customer-03501,Kevin Naidu,pandeyagastya@example.net
customer-03502,Urishilla Mahal,varkeynitara@example.com
customer-03503,Aarini Edwin,anyaraja@example.org
customer-03504,Jhalak Kulkarni,dayita66@example.net
customer-03505,Chandani Sinha,qkaur@example.org
customer-03506,Ishita Jayaraman,dugalchakrika@example.org
customer-03507,Tanmayi More,eshana48@example.org
customer-03508,Waida Bhavsar,nathaniel41@example.net
customer-03509,Mason Dube,tluthra@example.com
customer-03510,Udant Vaidya,qasim03@example.org
customer-03511,Arin Pandya,asankar@example.com
customer-03512,Baghyawati Lalla,isura@example.net
customer-03513,Aadi Char,pdutt@example.com
customer-03514,Ati Roy,praneelbansal@example.com
customer-03515,Jairaj Sarin,savantdipta@example.org
customer-03516,Amrita Char,kandawakeeta@example.com
customer-03517,Rohan Gola,vsama@example.net
customer-03518,Michael Bail,ichakrabarti@example.com
customer-03519,Aachal Nanda,rhans@example.com
customer-03520,Tanay Ahuja,meghana74@example.org
customer-03521,Rehaan Rajagopalan,chamangandhi@example.com
customer-03522,Om Sibal,chaudrytanmayi@example.org
customer-03523,Anay Bhandari,champak66@example.org
customer-03524,Krisha Sastry,ekansh55@example.net
customer-03525,Gunbir Sehgal,issacisaac@example.com
customer-03526,Forum Khurana,upkaar73@example.org
customer-03527,Krishna Sodhi,chauhanpallavi@example.org
customer-03528,Aadhya Bhat,indrajit91@example.com
customer-03529,Indali Dada,jairajbandi@example.net
customer-03530,Ansh Kohli,chaitalymand@example.com
customer-03531,Hredhaan Sankaran,vasudhanath@example.net
customer-03532,Vedika Batta,yadavtriya@example.org
customer-03533,Aahana Kari,warinderpalla@example.com
customer-03534,Zayan Barad,wadhwaturvi@example.com
customer-03535,Chaman Varghese,sanghvivyanjana@example.com
customer-03536,Baljiwan Goel,parth62@example.com
customer-03537,Girish Patil,wishi14@example.net
customer-03538,Nitesh Shankar,murthybalhaar@example.com
customer-03539,Bhavya Thakkar,alexanderchaudry@example.net
customer-03540,Sachi Saran,mangalgautami@example.com
customer-03541,Ekani Bassi,ucchal42@example.net
customer-03542,Chaitaly Walla,chaturarao@example.com
customer-03543,Ikbal Batta,mitalmohini@example.org
customer-03544,Anvi Sem,mpillai@example.net
customer-03545,Pranit Khosla,hdugal@example.org
customer-03546,Dominic Edwin,avimunshi@example.net
customer-03547,Urishilla Batra,ishanvi69@example.org
customer-03548,Yutika Puri,rehaan79@example.net
customer-03549,Madhavi Gupta,niharikapant@example.org
customer-03550,Bachittar Saha,xkanda@example.org
customer-03551,Bhavika Tak,pallganga@example.org
customer-03552,Anusha Sama,scherian@example.org
customer-03553,Anvi Swamy,ikari@example.net
customer-03554,Jeevika Bobal,janani73@example.org
customer-03555,Kavya Toor,janujasarkar@example.net
customer-03556,Samar Pingle,quincy63@example.net
customer-03557,Hema Pillai,krishnanazareth@example.com
customer-03558,Odika Prabhu,xchander@example.org
customer-03559,Vasudha Kari,ethan97@example.com
customer-03560,Tripti Sehgal,anviratta@example.com
customer-03561,Radha Gulati,charlesnagi@example.org
customer-03562,Leena Bhatt,wsodhi@example.org
customer-03563,Parth Aurora,gauravdalia@example.net
customer-03564,Gopal Parmer,warriorlibni@example.org
customer-03565,Rayaan Narasimhan,faris37@example.com
customer-03566,Divya Ramakrishnan,kabir97@example.com
customer-03567,Arjun Munshi,advay48@example.net
customer-03568,Riya Gour,jeetchandran@example.org
customer-03569,Pranit Lad,fchaudhary@example.net
customer-03570,Sachi Balan,hviswanathan@example.net
customer-03571,Nimrat Kothari,yatan64@example.net
customer-03572,Ira Choudhary,maniamara@example.com
customer-03573,Manthan Venkatesh,samakshsani@example.org
customer-03574,Aryan Sinha,vpalla@example.com
customer-03575,Harish Narayan,somakshay@example.org
customer-03576,Dominic Brar,vbose@example.net
customer-03577,Amrita Deep,gollaandrew@example.net
customer-03578,Harsh Sethi,xjohal@example.net
customer-03579,Finn Bakshi,balabaghyawati@example.com
customer-03580,Vaishnavi Contractor,mpingle@example.net
customer-03581,Samaksh Gera,moreishwar@example.com
customer-03582,Finn Chander,handra@example.net
customer-03583,Ekaraj Joshi,nraman@example.org
customer-03584,Udant Narain,parth23@example.org
customer-03585,Theodore Dube,gauri59@example.com
customer-03586,Ira Minhas,harini49@example.org
customer-03587,Kevin Soni,gagan65@example.com
customer-03588,Januja Savant,jasmit33@example.net
customer-03589,David Jaggi,xpatla@example.net
customer-03590,Jagdish Borra,raoabeer@example.net
customer-03591,Ekani Mohan,fdutta@example.com
customer-03592,Chaitaly Ben,brijeshnazareth@example.org
customer-03593,Yashoda Sandal,quincysundaram@example.com
customer-03594,Yatin Joshi,ekalingabansal@example.com
customer-03595,Laksh Hora,gautamsama@example.org
customer-03596,Qadim Saini,andrew37@example.net
customer-03597,Fiyaz Shere,kalitalaban@example.com
customer-03598,Bishakha Bose,christophergandhi@example.org
customer-03599,Upma Gala,talwarbaljiwan@example.com
customer-03600,Shravya Sachdev,ddar@example.net
customer-03601,Triveni Seshadri,avidyal@example.com
customer-03602,Ikshita Lal,priya55@example.com
customer-03603,Watika Wagle,vigorinder@example.net
customer-03604,Oscar Patil,bachittarsarma@example.com
customer-03605,Chameli Kaur,vihaan76@example.org
customer-03606,Idika Dora,anitasundaram@example.org
customer-03607,Jackson Mittal,jainlaksh@example.com
customer-03608,Yashvi Sen,vasaraghav@example.com
customer-03609,Maanav Mital,garima49@example.net
customer-03610,Yamini Ghosh,esangha@example.org
customer-03611,Zansi Kothari,samarthsarma@example.com
customer-03612,Madhavi Sandhu,menonhemang@example.net
customer-03613,Banjeet Pandya,yuvrajgala@example.com
customer-03614,Ubika Pathak,gaurikawagle@example.net
customer-03615,Triya Rao,dalalisaac@example.com
customer-03616,Rehaan Choudhry,malldayamai@example.com
customer-03617,Xiti Garg,damini73@example.net
customer-03618,Imaran Kapoor,salviranbir@example.org
customer-03619,Anamika Venkatesh,pallaachal@example.com
customer-03620,Sai Garg,faras33@example.org
customer-03621,Chanchal Seth,meghana38@example.net
customer-03622,Ojas Modi,solankinilima@example.org
customer-03623,Ranveer Sarin,chavvisarraf@example.org
customer-03624,Lopa Subramanian,wkant@example.org
customer-03625,Oeshi Butala,dadaamaira@example.org
customer-03626,Janaki Jha,darchampak@example.org
customer-03627,Kala Cherian,rayaanrandhawa@example.org
customer-03628,Dayamai Kaul,zansinatt@example.com
customer-03629,Arunima Krishnamurthy,anika30@example.com
customer-03630,Charan Sunder,qwable@example.net
customer-03631,Ria Chauhan,wnayar@example.org
customer-03632,Hamsini Chowdhury,yash96@example.org
customer-03633,Bachittar Suri,chakrikabadami@example.org
customer-03634,Hemani Thakkar,thakurvansha@example.net
customer-03635,Ranbir Gandhi,senikbal@example.org
customer-03636,Wishi Banik,akshaysani@example.net
customer-03637,Christopher Sane,mmanne@example.net
customer-03638,Daksh Nath,bhavya53@example.org
customer-03639,Tanvi Raja,magarmitali@example.com
customer-03640,Azad Dora,vasatikahanda@example.org
customer-03641,Nidra Chowdhury,christopher29@example.net
customer-03642,Bishakha Barman,sdani@example.org
customer-03643,Barkha Tiwari,loganbassi@example.org
customer-03644,Eesha Samra,khannamadhavi@example.net
customer-03645,Dalbir Sunder,hbora@example.net
customer-03646,Vidhi Bora,warjasbrahmbhatt@example.net
customer-03647,Manan Nath,ishanibains@example.org
customer-03648,Baljiwan Biswas,harshilnath@example.net
customer-03649,Sneha Gour,ssrivastava@example.com
customer-03650,Onkar Loyal,sankaranranveer@example.net
customer-03651,Vritti Dugar,xmishra@example.com
customer-03652,Chanakya Acharya,mmitter@example.com
customer-03653,Aarna Wable,berasudiksha@example.org
customer-03654,Keya Vasa,rattanadvay@example.net
customer-03655,Quincy Bhatt,yadavidass@example.net
customer-03656,Chaitaly Bora,isom@example.com
customer-03657,Qushi Dhillon,vanyadar@example.net
customer-03658,Pushti Yohannan,vsehgal@example.com
customer-03659,Osha D’Alia,ekalingatailor@example.net
customer-03660,Kalpit Ravi,farhansankaran@example.com
customer-03661,Dhruv Padmanabhan,lavanya47@example.org
customer-03662,Owen Palla,rishi93@example.org
customer-03663,Jeevika Pradhan,pratyush69@example.net
customer-03664,Falak Sama,hsolanki@example.org
customer-03665,Onveer Biswas,ishani85@example.org
customer-03666,Elijah Dugar,gbabu@example.org
customer-03667,Mugdha Devan,smahal@example.net
customer-03668,Leela Kakar,sara80@example.org
customer-03669,Nidhi Dixit,aarinijha@example.org
customer-03670,Shravya Sehgal,davepavani@example.com
customer-03671,Farhan Kuruvilla,hvig@example.org
customer-03672,Peter Dani,tbadal@example.net
customer-03673,Xiti Tata,kulkarnigarima@example.net
customer-03674,Champak Shan,loyalgauri@example.org
customer-03675,Aditya Sahota,zpathak@example.org
customer-03676,Nilima Amble,buchwatika@example.net
customer-03677,Bhavya Chaudhuri,deoabhimanyu@example.org
customer-03678,Yamini Chowdhury,acharyaayaan@example.org
customer-03679,Zayan Solanki,vmital@example.net
customer-03680,Chaitanya Ganguly,wmitra@example.net
customer-03681,Yutika Gour,damyanti77@example.net
customer-03682,Girish Ben,tbera@example.net
customer-03683,Tanveer Palan,zayyanrai@example.org
customer-03684,Henry Dutta,ladli75@example.net
customer-03685,Balvan Sem,chanda@example.org
customer-03686,Ishani Kibe,dkale@example.org
customer-03687,Tanveer Manne,muttilucky@example.com
customer-03688,Zayyan Gola,manthansrivastava@example.org
customer-03689,Avi Sehgal,yashoda88@example.org
customer-03690,Chaaya Kamdar,ykulkarni@example.org
customer-03691,Simon Sur,ishaankurian@example.com
customer-03692,Ganga Kanda,qkuruvilla@example.com
customer-03693,Dominic Kanda,rajata74@example.com
customer-03694,Samaksh Savant,yohannanlopa@example.org
customer-03695,Kashvi Rattan,aggarwalazad@example.org
customer-03696,Yamini Nadkarni,teerthmunshi@example.net
customer-03697,Yashodhara Nayar,sanghvibaljiwan@example.org
customer-03698,Mahika Memon,darpan88@example.org
customer-03699,Chavvi Kari,vsankaran@example.com
customer-03700,Yadavi Edwin,aayushlad@example.org
customer-03701,Zayan Khosla,dhillonnitesh@example.com
customer-03702,Dipta Gokhale,andrewsridhar@example.net
customer-03703,Xavier Talwar,smodi@example.org
customer-03704,Idika Wable,noah54@example.com
customer-03705,Alexander Kapoor,chavviagarwal@example.org
customer-03706,Kalpit Dass,bkakar@example.net
customer-03707,Kai Pillai,jhalakraman@example.net
customer-03708,Forum Ghosh,yugnath@example.com
customer-03709,Ethan Borah,seshadrinirja@example.net
customer-03710,William Choudhry,nathan91@example.com
customer-03711,Avni Parmar,sanghvianusha@example.org
customer-03712,Matthew Thaman,kalitajason@example.com
customer-03713,Chandresh Keer,chanchalhayre@example.net
customer-03714,Rishi Panchal,wkuruvilla@example.org
customer-03715,Maya Choudhry,sinharajeshri@example.com
customer-03716,Christopher Basak,avni63@example.com
customer-03717,Udarsh Prakash,iyeroviya@example.net
customer-03718,Anthony Nadkarni,suricharita@example.net
customer-03719,Jhalak Shukla,achanda@example.net
customer-03720,Siya Parekh,akhare@example.com
customer-03721,Aradhana Soman,rratta@example.net
customer-03722,Keya Barman,gangulycharles@example.org
customer-03723,Zaitra Nagi,onkartank@example.net
customer-03724,Vedant Kala,mghose@example.net
customer-03725,Ansh Samra,praneelpadmanabhan@example.org
customer-03726,Oeshi Sharaf,ibhargava@example.net
customer-03727,Rajata Gera,rarora@example.com
customer-03728,Gautami Sarraf,tanvi12@example.com
customer-03729,Nitara Dey,ethan82@example.net
customer-03730,Ekiya Baral,harrison75@example.com
customer-03731,Elijah Sangha,diyamerchant@example.net
customer-03732,William Kata,mammensai@example.com
customer-03733,Ekaja Rege,charles50@example.org
customer-03734,Bhavani Nagarajan,rajataahluwalia@example.net
customer-03735,Janaki Sandhu,jalsalalla@example.org
customer-03736,Viraj Bhandari,shivani35@example.org
customer-03737,Harrison Tiwari,dayamai61@example.net
customer-03738,Vedhika Balay,jacobrau@example.org
customer-03739,Anamika Sahota,valamegha@example.com
customer-03740,Atharv Joshi,ekaraj49@example.com
customer-03741,Oscar Venkataraman,alexanderbhagat@example.net
customer-03742,Qadim Iyer,edhithakala@example.com
customer-03743,Barkha Dugar,isur@example.com
customer-03744,Oviya Cheema,ythakur@example.com
customer-03745,Reva Kala,chanchal31@example.com
customer-03746,Ranbir Iyengar,ksama@example.org
customer-03747,Yochana Nayar,zaidchada@example.org
customer-03748,Anita Walla,quincysangha@example.org
customer-03749,Gautami Bath,amishra@example.com
customer-03750,Omaja Mand,gandhiabeer@example.net
customer-03751,Harsh Prakash,revacheema@example.net
customer-03752,Zinal Tripathi,dugarvedant@example.com
customer-03753,Ekavir Suresh,girindrabhardwaj@example.com
customer-03754,Gaurangi Mutti,chatterjeenikita@example.com
customer-03755,Isaac Vig,nimratmann@example.net
customer-03756,Lavanya Barad,bzachariah@example.org
customer-03757,Prisha Dugar,yatinbuch@example.net
customer-03758,Rachita Prasad,zayan28@example.org
customer-03759,Unni Baral,zachariahanvi@example.com
customer-03760,Vasana Bala,vsibal@example.com
customer-03761,Urishilla Choudhary,raiarin@example.com
customer-03762,Yash Toor,issacpanini@example.com
customer-03763,Anay Lal,dbehl@example.net
customer-03764,Aarnav Buch,zwalia@example.com
customer-03765,Nathan Tripathi,kamalasura@example.net
customer-03766,Yadavi Korpal,vyasbenjamin@example.com
customer-03767,Omya More,halderazad@example.net
customer-03768,Laksh Deol,kuruvillaurishilla@example.com
customer-03769,Siya Gade,yamini67@example.com
customer-03770,Saanvi Vig,tejas53@example.net
customer-03771,Ojas Dixit,sagarvasudha@example.org
customer-03772,Zehaan Pau,bpalan@example.com
customer-03773,Chanchal Puri,advik23@example.com
customer-03774,Tanmayi Chhabra,inayaranganathan@example.org
customer-03775,Rayaan Golla,maanas44@example.com
customer-03776,Akshay Morar,menonom@example.com
customer-03777,Meera Kannan,sdar@example.org
customer-03778,Vanya Sani,januja11@example.org
customer-03779,Bhavani Nazareth,naveen21@example.net
customer-03780,Geetika Sabharwal,lsahni@example.net
customer-03781,Wridesh Borde,asanghvi@example.org
customer-03782,Ekani Hari,mukherjeeunni@example.org
customer-03783,Luke Sachdeva,xiti66@example.org
customer-03784,Andrew Ravi,vohrarushil@example.com
customer-03785,Oeshi Bala,jsood@example.com
customer-03786,Ira Mand,varugheserobert@example.net
customer-03787,Gaurika Ranganathan,annedipta@example.net
customer-03788,Harsh Chokshi,atimurty@example.net
customer-03789,Ranveer Contractor,bmanda@example.org
customer-03790,Caleb Badal,rmander@example.com
customer-03791,Chakradev Brahmbhatt,bhatiamaanav@example.com
customer-03792,Gaurav Wagle,minhasmanbir@example.org
customer-03793,Krisha Sen,nazarethmanbir@example.net
customer-03794,Mugdha Rao,manya29@example.com
customer-03795,Deepa Som,biswaskamya@example.net
customer-03796,Isaac Vohra,gopal44@example.net
customer-03797,Ishani Sinha,teerthtailor@example.com
customer-03798,Neelima Srinivasan,yash19@example.net
customer-03799,Ria Sami,zprasad@example.net
customer-03800,Arin Mishra,wishinatt@example.com
customer-03801,Mekhala Lad,ucchal17@example.com
customer-03802,Zehaan Jhaveri,wahabatwal@example.com
customer-03803,Jhalak Vala,kashyapvedant@example.org
customer-03804,Joshua Konda,rajdeepa@example.com
customer-03805,Michael Dora,nchana@example.com
customer-03806,Chaman Bhagat,samakshsolanki@example.com
customer-03807,Aarnav Srivastava,thomas65@example.net
customer-03808,Rachana Muni,choudhuryavi@example.org
customer-03809,Ayush Badal,ubikadhar@example.org
customer-03810,Urvashi Thakur,bawakavya@example.com
customer-03811,Chatresh Kota,abdul37@example.org
customer-03812,Charita Saran,darpan76@example.org
customer-03813,Nidhi Sankaran,arin03@example.org
customer-03814,Kalpit Khare,psarna@example.org
customer-03815,Balhaar Bandi,xbains@example.com
customer-03816,Arya Bumb,bhaktaoviya@example.org
customer-03817,Sanaya Dixit,yoshitamutti@example.com
customer-03818,Ishanvi Reddy,daliakashvi@example.net
customer-03819,Anya Sridhar,bbrahmbhatt@example.org
customer-03820,Orinder Chaudhari,widishaperi@example.com
customer-03821,Yutika Gopal,sinhaupasna@example.net
customer-03822,Aradhana Boase,sastryfitan@example.com
customer-03823,Qadim Dhillon,oniverma@example.org
customer-03824,Geetika Vala,ansh52@example.net
customer-03825,Sanaya Sodhi,idash@example.org
customer-03826,Vritti Dar,amaira59@example.org
customer-03827,Shivansh Dubey,choudhurymichael@example.org
customer-03828,Ekapad Srivastava,panchalwaida@example.com
customer-03829,Dhruv Dada,eiravativala@example.com
customer-03830,Anmol Kaur,ybandi@example.com
customer-03831,Liam Muni,abhabanik@example.net
customer-03832,Ryan Kumar,zayyan37@example.com
customer-03833,Viraj Varma,wyatt56@example.com
customer-03834,Radha Sengupta,ayush75@example.org
customer-03835,Bimala Gandhi,trajagopal@example.net
customer-03836,Falan Oak,wchada@example.org
customer-03837,Yuvraj Bhasin,tanay30@example.net
customer-03838,Neha Uppal,arastogi@example.net
customer-03839,Gayathri Butala,yagnesh94@example.com
customer-03840,Damyanti Kata,waglemanthan@example.com
customer-03841,Maanav Nagar,cmadan@example.com
customer-03842,Yug Subramanian,finn43@example.net
customer-03843,Tarak Rastogi,brinda17@example.net
customer-03844,Adya Nayak,sara15@example.com
customer-03845,Patrick Bhatti,matthewnadkarni@example.org
customer-03846,Jyoti Maharaj,subramaniansarthak@example.com
customer-03847,Darsh Salvi,majumdarchampak@example.org
customer-03848,Aayush Banerjee,yasti49@example.org
customer-03849,Anay Devi,bishakhasarraf@example.net
customer-03850,Lekha Sharma,vrinda57@example.net
customer-03851,Abhimanyu Ranganathan,amara19@example.org
customer-03852,Charita Aggarwal,rachana03@example.net
customer-03853,Chakrika Dash,tanejavrishti@example.org
customer-03854,Neelima Bedi,vaishnavimunshi@example.com
customer-03855,Divya Acharya,choudhryom@example.net
customer-03856,Yashasvi Batra,divangopal@example.net
customer-03857,Kashvi Zacharia,sulexavier@example.net
customer-03858,Ethan Butala,chandani66@example.com
customer-03859,Damini Zacharia,champak82@example.net
customer-03860,Brinda Patla,xmander@example.org
customer-03861,Krishna Deshpande,kumeromya@example.com
customer-03862,Pushti Nanda,bsant@example.net
customer-03863,Pahal Munshi,yashicaloyal@example.org
customer-03864,Bhavna Uppal,dwalla@example.org
customer-03865,Onveer Mistry,ghoseaishani@example.net
customer-03866,Bachittar Chaudhuri,shravyadeep@example.org
customer-03867,Watika Dara,ubhakta@example.net
customer-03868,Charles Cheema,matthew31@example.net
customer-03869,Leela Banerjee,xaurora@example.net
customer-03870,Janaki Srinivas,patlakashvi@example.org
customer-03871,Samaksh Batta,jackson83@example.net
customer-03872,Charan Banik,udyati54@example.org
customer-03873,Jason Zacharia,keerpranit@example.org
customer-03874,Harita Magar,spadmanabhan@example.net
customer-03875,Yatan Keer,aayush88@example.org
customer-03876,Rayaan Sule,jalsakota@example.net
customer-03877,Vidhi Warrior,imadan@example.com
customer-03878,Ira Gill,bmalhotra@example.net
customer-03879,Baghyawati Pathak,nazarethalexander@example.org
customer-03880,Anirudh Sankaran,vidhishan@example.com
customer-03881,Nitesh Karan,krishna81@example.net
customer-03882,Gavin Naik,ganeshnandini@example.com
customer-03883,Ekapad Chawla,chanakya76@example.org
customer-03884,Sathvik Tella,bmall@example.net
customer-03885,Sanya Som,bhatekansh@example.net
customer-03886,Wriddhish Sachar,chatura85@example.org
customer-03887,Yuvraj Anne,xagrawal@example.net
customer-03888,Charita Verma,chaudharyxalak@example.com
customer-03889,Dakshesh Kala,omkaar74@example.org
customer-03890,Edhitha Sastry,bhandarisiya@example.com
customer-03891,Dominic Nayak,bvenkataraman@example.net
customer-03892,Gavin Basak,vasatikadugar@example.com
customer-03893,Anika Vora,samarnarang@example.com
customer-03894,Avi Menon,charitarana@example.org
customer-03895,Yash Bains,vyanjana66@example.com
customer-03896,Chaaya Randhawa,falguninigam@example.org
customer-03897,Zashil Shankar,umangkade@example.org
customer-03898,Krishna Brar,nbhatti@example.com
customer-03899,Shivani Rajagopalan,zashilmahajan@example.net
customer-03900,Abhiram Narain,warinder25@example.net
customer-03901,Abhiram Rastogi,brijeshmittal@example.org
customer-03902,Urvi Toor,oeshipall@example.net
customer-03903,Jagvi Borra,warinder38@example.net
customer-03904,Gaurang Suresh,deepa12@example.net
customer-03905,Arjun Parekh,yatanraval@example.org
customer-03906,Nathaniel Subramaniam,mkapur@example.org
customer-03907,Ojas Deep,lde@example.net
customer-03908,Nandini Gulati,watikasandal@example.net
customer-03909,Upkaar Saxena,zarnabuch@example.org
customer-03910,Chameli Sankaran,dbarman@example.com
customer-03911,Janaki Wable,sbhat@example.org
customer-03912,Bishakha Gour,llata@example.com
customer-03913,Nimrat Ganguly,ishani02@example.org
customer-03914,Oscar Chauhan,irout@example.net
customer-03915,Yashoda Om,girindra09@example.com
customer-03916,Harshil Comar,rakshalanka@example.com
customer-03917,Yachana Sundaram,ksarin@example.org
customer-03918,Teerth Bhasin,nandini51@example.com
customer-03919,Isha Mani,balbenjamin@example.net
customer-03920,Daniel Chaudry,upasna90@example.org
customer-03921,Hema Acharya,urmi47@example.com
customer-03922,Umang Yogi,ykar@example.net
customer-03923,Ronith Sharaf,gautamilad@example.net
customer-03924,Niharika Tara,hritik74@example.net
customer-03925,Devansh Parmar,upkaar38@example.com
customer-03926,Om Shenoy,azadbala@example.com
customer-03927,Ansh Roy,kabirboase@example.com
customer-03928,Chavvi Nigam,utkarshramaswamy@example.net
customer-03929,Kamya Devi,karanjoshua@example.net
customer-03930,Balveer D’Alia,chanchalsalvi@example.net
customer-03931,Ekanta Chad,manan34@example.org
customer-03932,Yashasvi Ram,hardikmemon@example.net
customer-03933,Veda Mutti,sastrygeorge@example.net
customer-03934,Falan Mohanty,hemani41@example.org
customer-03935,Riya Sawhney,yash67@example.com
customer-03936,Oscar Bhargava,ibanerjee@example.com
customer-03937,Suhani Anne,masterfariq@example.net
customer-03938,Rajeshri Bir,aashinayak@example.net
customer-03939,Ladli Andra,sdani@example.com
customer-03940,Darpan Rau,atibhatti@example.com
customer-03941,George Issac,urvashi87@example.com
customer-03942,Jacob Aurora,vramakrishnan@example.org
customer-03943,Christopher Keer,omyabansal@example.com
customer-03944,Dhruv Sehgal,davecaleb@example.org
customer-03945,Yutika Shanker,rpant@example.net
customer-03946,Reyansh Kohli,ybrahmbhatt@example.org
customer-03947,Leela Mani,theodore15@example.org
customer-03948,Devika Dayal,routaditya@example.net
customer-03949,Quincy Bajaj,kallaranbir@example.com
customer-03950,Yashawini Rau,ykant@example.com
customer-03951,Michael Sachar,dasanjali@example.net
customer-03952,Wakeeta Sant,nazarethmeera@example.org
customer-03953,Viraj Taneja,uvyas@example.com
customer-03954,Aishani Chahal,nikita79@example.net
customer-03955,Gauri Mangal,rushilvenkatesh@example.net
customer-03956,Laksh Gupta,vigamruta@example.org
customer-03957,Chatresh Gopal,yasti76@example.com
customer-03958,Zashil Patla,sahotamohammed@example.com
customer-03959,Nathaniel Barman,ethan06@example.net
customer-03960,Madhavi Keer,yashawinisaxena@example.com
customer-03961,Manan Shroff,menonanvi@example.net
customer-03962,Daksha Dugar,sanikavya@example.org
customer-03963,Ati Sachdeva,bhavika04@example.net
customer-03964,Harshil Dutta,omann@example.net
customer-03965,Hitesh Agrawal,abeerraghavan@example.net
customer-03966,Vidhi Sabharwal,magargabriel@example.com
customer-03967,Urvi Sagar,hsami@example.org
customer-03968,Chandresh Kashyap,vnarayanan@example.net
customer-03969,Upkaar Malhotra,swaminathanchampak@example.net
customer-03970,Janani Kar,chadekaja@example.net
customer-03971,Guneet Lanka,theodoremanda@example.com
customer-03972,Zehaan Kurian,mprabhakar@example.org
customer-03973,Upadhriti Sehgal,upkaar33@example.com
customer-03974,Siddharth Bhasin,sachdevazaid@example.com
customer-03975,Utkarsh Khurana,sdasgupta@example.net
customer-03976,Rachana Sama,qmadan@example.org
customer-03977,Mason Vora,jackganesan@example.org
customer-03978,Pallavi Prasad,shravyaarora@example.net
customer-03979,Anika Mishra,rayaangara@example.com
customer-03980,Tarak Kar,cbarman@example.net
customer-03981,Janya Sehgal,suramahika@example.net
customer-03982,Advika Dhaliwal,nihalkonda@example.org
customer-03983,Dalbir Puri,parmerwaida@example.com
customer-03984,Jack Menon,mukhopadhyayekapad@example.org
customer-03985,Unnati Sodhi,ekani03@example.org
customer-03986,Aarnav Varty,viswanathanchaman@example.com
customer-03987,Ria Bedi,charles58@example.net
customer-03988,Abhimanyu Krish,indali33@example.org
customer-03989,Pranit Sur,unnati19@example.com
customer-03990,Amrita Sangha,pbobal@example.org
customer-03991,Umang Banik,padmanabhanmohammed@example.org
customer-03992,Charles Sagar,sankaranowen@example.com
customer-03993,Omaja Dhawan,koshyjalsa@example.com
customer-03994,Bhavani Pant,alexander32@example.org
customer-03995,Charan Gola,cwason@example.net
customer-03996,Alexander Srivastava,pandeyamara@example.com
customer-03997,Neel Hora,nilima28@example.com
customer-03998,Leela Varghese,sakshambhatia@example.org
customer-03999,Azaan Sunder,farajlal@example.com
customer-04000,Chakrika Goyal,gbali@example.org
customer-04001,Gayathri Kamdar,eramesh@example.com
customer-04002,Nachiket Aggarwal,vrishti48@example.com
customer-04003,Amara Ram,anmol35@example.org
customer-04004,Garima Mallick,ochhabra@example.net
customer-04005,Omisha Bajaj,guneet33@example.net
customer-04006,Robert Mander,reyansh36@example.net
customer-04007,Kabir Dubey,anayak@example.net
customer-04008,Niharika Tank,rwalia@example.org
customer-04009,Meera Bir,goyalvrishti@example.org
customer-04010,Madhav Mohan,jeevikakarpe@example.com
customer-04011,Januja Kumar,pandyatanmayi@example.net
customer-04012,Nisha Sarma,munshinachiket@example.org
customer-04013,Pranit Barad,rrana@example.net
customer-04014,Adweta Chandra,malhotraaditya@example.com
customer-04015,Nitara Dalal,kalpitchandra@example.net
customer-04016,Dipta Buch,ndeol@example.com
customer-04017,Radha Pingle,balendrapall@example.org
customer-04018,Baljiwan Khurana,jagatshetty@example.com
customer-04019,Zinal Hans,finn55@example.net
customer-04020,Vrishti Dhar,kdugar@example.com
customer-04021,Yashasvi Edwin,modybaljiwan@example.com
customer-04022,Ethan Buch,dagarwal@example.net
customer-04023,Abhiram Narayanan,chandrachandresh@example.org
customer-04024,Champak Oza,subramanianurvashi@example.net
customer-04025,Naveen Pathak,rohanreddy@example.net
customer-04026,Aditya Agate,mittalladli@example.net
customer-04027,Tarak Bera,kaurkamya@example.org
customer-04028,Qabil Patla,deyguneet@example.org
customer-04029,Ekantika Bansal,lrai@example.org
customer-04030,Chandani Vaidya,prasadvincent@example.com
customer-04031,Rushil Ramakrishnan,rialala@example.net
customer-04032,Sneha Ganesan,tzachariah@example.net
customer-04033,Ojasvi Bera,finn78@example.com
customer-04034,Ronith Warrior,saksham72@example.org
customer-04035,Netra Narain,tparekh@example.org
customer-04036,Hemang Kulkarni,yatin04@example.com
customer-04037,Zinal Sampath,pchaudry@example.net
customer-04038,Oni Khalsa,lopa99@example.com
customer-04039,Zansi Rana,ishwarbail@example.net
customer-04040,Farhan Tak,agarwalneelima@example.net
customer-04041,Ridhi Bora,fpuri@example.org
customer-04042,Bimala Din,mallickarjun@example.org
customer-04043,Nidhi Wable,mitrarobert@example.org
customer-04044,Benjamin Agarwal,suriom@example.com
customer-04045,Abha Shenoy,banikvincent@example.org
customer-04046,Yahvi Chandran,laban02@example.net
customer-04047,Ekansh Dalal,yatin52@example.com
customer-04048,Januja Pradhan,ahegde@example.org
customer-04049,Nathaniel Radhakrishnan,bsathe@example.com
customer-04050,Geetika Sridhar,yoshitakumer@example.net
customer-04051,Wyatt Pillai,kupadhyay@example.org
customer-04052,Mugdha Murty,balasubramaniankamala@example.net
customer-04053,Upadhriti Borah,devikasengupta@example.net
customer-04054,Gopal Nazareth,korpalsiya@example.org
customer-04055,Caleb Bahri,ibalan@example.org
customer-04056,Vaishnavi Chad,quincybabu@example.com
customer-04057,Aarav Basu,qvarty@example.org
customer-04058,Krisha Bhatia,rdeshmukh@example.com
customer-04059,Ati Thaman,uganesh@example.org
customer-04060,Chaaya Palan,hayrenisha@example.org
customer-04061,Jagrati Saraf,damyanti75@example.net
customer-04062,Wriddhish Sandal,gmanda@example.net
customer-04063,Ekbal Kapoor,henryswamy@example.com
customer-04064,Sachi Varughese,gnayak@example.org
customer-04065,Krishna Bhasin,jatinmohan@example.com
customer-04066,Elijah Chakraborty,haritagupta@example.org
customer-04067,Aayush Balan,wranganathan@example.net
customer-04068,Udyati Sama,aaravvasa@example.org
customer-04069,Yatan Patla,zehaanmistry@example.org
customer-04070,Diya Badami,aadiom@example.org
customer-04071,Oeshi Date,vchander@example.com
customer-04072,Victor Tiwari,charbrijesh@example.com
customer-04073,Widisha Verma,chakrikanarayanan@example.net
customer-04074,Ridhi Halder,tanvi11@example.com
customer-04075,Isha Sandal,victor63@example.net
customer-04076,Widisha Chacko,varenyalal@example.com
customer-04077,Jeevika Toor,ikbal85@example.com
customer-04078,Daksh Bora,hemal03@example.net
customer-04079,Wridesh Mander,mangatadvaith@example.com
customer-04080,Varenya Bir,misrachanakya@example.net
customer-04081,Janaki Chatterjee,jacksonkuruvilla@example.org
customer-04082,Mitesh Goswami,wanand@example.com
customer-04083,Dominic Patla,lipika40@example.org
customer-04084,Anjali Samra,kuruvillaaarini@example.org
customer-04085,Faraj Trivedi,menonishaan@example.com
customer-04086,Andrew Chana,qarin90@example.org
customer-04087,Turvi Solanki,pbrar@example.net
customer-04088,Finn Sule,vvala@example.com
customer-04089,Zilmil Virk,karniknimrat@example.com
customer-04090,Deepa Loke,owensekhon@example.net
customer-04091,Jason Aggarwal,hemal05@example.org
customer-04092,Girik Bala,hnarain@example.org
customer-04093,Rajeshri Handa,tanaymanda@example.net
customer-04094,Fariq Zachariah,hraja@example.net
customer-04095,Vasudha Merchant,chakrika27@example.net
customer-04096,Onkar Pall,mitali82@example.net
customer-04097,Owen Ramaswamy,rajagopalanavni@example.com
customer-04098,Wriddhish Chacko,ladlimani@example.com
customer-04099,Nikita Sharma,xbose@example.org
customer-04100,Meghana Luthra,jhaverifrado@example.net
customer-04101,Advaith Halder,darpansur@example.net
customer-04102,Banjeet Bhalla,nitaramuni@example.org
customer-04103,Qarin Pall,omajabajaj@example.org
customer-04104,Kabir Rout,alexanderkakar@example.com
customer-04105,Farhan Vaidya,shivansh29@example.net
customer-04106,Hemal Venkataraman,bbhattacharyya@example.com
customer-04107,Urvi Toor,fchadha@example.net
customer-04108,Elijah Gill,mitalchavvi@example.org
customer-04109,Kamya Chakrabarti,unanda@example.com
customer-04110,Ishita Sachar,gangadivan@example.org
customer-04111,Dipta Saini,shankarabhiram@example.com
customer-04112,Anika Varma,anamika53@example.org
customer-04113,Yadavi Mangal,majumdarhamsini@example.com
customer-04114,Avi Oza,udantmorar@example.org
customer-04115,Anjali Aurora,maniurvashi@example.net
customer-04116,Urvi Karnik,zilmil77@example.com
customer-04117,Watika Kumer,sakshamsangha@example.org
customer-04118,Samarth Raja,warda93@example.org
customer-04119,Utkarsh Kunda,aradhana27@example.com
customer-04120,Pranav Sodhi,indrajitkala@example.org
customer-04121,Urishilla Bansal,mittalhardik@example.org
customer-04122,Champak Walia,abala@example.com
customer-04123,Wazir Narasimhan,forum55@example.org
customer-04124,Chavvi Narang,dyalgopal@example.net
customer-04125,Yug Kamdar,eiravatijaggi@example.net
customer-04126,Tamanna Shere,bluthra@example.com
customer-04127,Dhriti Khanna,andrew01@example.net
customer-04128,Kavya Pai,lrajagopalan@example.net
customer-04129,Jagrati Deep,lakshit75@example.org
customer-04130,Fariq Kaul,janakikapoor@example.org
customer-04131,Nirja Kashyap,narayanannathaniel@example.net
customer-04132,Jai Shukla,ekajapalan@example.net
customer-04133,Nilima Sundaram,udarshprakash@example.com
customer-04134,Mohini Dey,ydoctor@example.org
customer-04135,Aadhya Handa,gdeo@example.com
customer-04136,Siya Sastry,shenoykashvi@example.org
customer-04137,Yachana Jha,valaronith@example.com
customer-04138,Divya Rastogi,patelgautam@example.org
customer-04139,Garima Sastry,jkar@example.net
customer-04140,Oni Hari,chaudrygauri@example.org
customer-04141,Lohit Kala,faqidbarman@example.net
customer-04142,Azad Venkatesh,chandani80@example.com
customer-04143,Brinda Memon,hitesh28@example.org
customer-04144,Parth Sha,mitesh81@example.org
customer-04145,Dhriti Dhingra,itara@example.com
customer-04146,Vritti Kuruvilla,ethansuresh@example.org
customer-04147,Gaurika Batta,dalbirchaudhari@example.net
customer-04148,Zansi Mody,duttaunnati@example.net
customer-04149,Tarak Viswanathan,erai@example.com
customer-04150,Leena Khanna,bawaraksha@example.com
customer-04151,Saanvi Amble,om68@example.net
customer-04152,Balveer Chaudhry,urvidesai@example.net
customer-04153,Nisha Chakrabarti,rkala@example.org
customer-04154,Dalaja Hari,whayer@example.com
customer-04155,Jairaj Bala,aaravpalla@example.net
customer-04156,Nisha Issac,ronith35@example.org
customer-04157,Warhi Kade,utkarshkaran@example.net
customer-04158,Hredhaan Biswas,skari@example.net
customer-04159,Ikbal Badal,balvan50@example.org
customer-04160,Sudiksha Wali,sahnibimala@example.net
customer-04161,Dhriti Chaudhary,watika43@example.org
customer-04162,Ria Khanna,borameera@example.net
customer-04163,Chaaya Issac,ukaul@example.com
customer-04164,Gagan Gulati,wahab06@example.org
customer-04165,Bhavani Vaidya,fagrawal@example.org
customer-04166,Kabir Verma,gaurikasaran@example.org
customer-04167,Jack Dada,rachitabalasubramanian@example.org
customer-04168,Vedant Singh,mukhopadhyayayushman@example.com
customer-04169,Rajata Jain,prisha82@example.com
customer-04170,Anamika Chandran,goyalkrishna@example.com
customer-04171,Tanay Ghosh,ridhivyas@example.com
customer-04172,Isha Viswanathan,ochanda@example.net
customer-04173,Abha Subramanian,dayita29@example.com
customer-04174,Eiravati Sachdeva,mohini08@example.net
customer-04175,Oliver Dube,anika72@example.org
customer-04176,Charita Ramanathan,omaja08@example.com
customer-04177,Aryan Tandon,kashish40@example.net
customer-04178,Thomas Mistry,vverma@example.org
customer-04179,Qadim Agrawal,dugarayush@example.org
customer-04180,Vihaan Dash,balhaar32@example.net
customer-04181,Zarna Dada,idika05@example.org
customer-04182,Jai Nagy,raianjali@example.com
customer-04183,Ishwar Bath,uramaswamy@example.org
customer-04184,Divya Chawla,pillayvictor@example.net
customer-04185,Pushti Ghosh,bhattianmol@example.net
customer-04186,Aayush Randhawa,amaira04@example.net
customer-04187,Patrick Parikh,nehaganesan@example.org
customer-04188,Watika Nayar,cbera@example.org
customer-04189,Pallavi Bath,pkuruvilla@example.net
customer-04190,Aishani Yogi,qnayak@example.org
customer-04191,Jeremiah Sarin,kashvi05@example.org
customer-04192,Aditya Tripathi,ekaja69@example.org
customer-04193,Tejas Chander,faras03@example.net
customer-04194,Widisha Subramanian,aadipandya@example.net
customer-04195,Wridesh Desai,hemalmahajan@example.com
customer-04196,Balvan Ganguly,abeer13@example.net
customer-04197,Bachittar Mital,sahazinal@example.com
customer-04198,Rohan Devi,brahmbhattyoshita@example.net
customer-04199,Pavani Bhargava,hvarty@example.com
customer-04200,Keya Sampath,wshan@example.net
customer-04201,Wyatt Basak,thalder@example.org
customer-04202,Omisha Acharya,agastya82@example.com
customer-04203,Chandani Ramanathan,banjeetmani@example.com
customer-04204,Yachana Roy,ibalakrishnan@example.org
customer-04205,Qasim Chauhan,doshisanaya@example.org
customer-04206,Jagvi Pillay,krisha03@example.net
customer-04207,Varenya Batta,aarora@example.com
customer-04208,Vedhika Lall,wkonda@example.net
customer-04209,Jeevika Nadig,ganesandaniel@example.net
customer-04210,Ekiya Swaminathan,bhasinjairaj@example.net
customer-04211,Yadavi Issac,damini57@example.com
customer-04212,Anusha Mall,shivanimitra@example.com
customer-04213,Wriddhish Bhandari,xvarma@example.com
customer-04214,Leela Upadhyay,fjohal@example.org
customer-04215,Kashvi Jha,wazir05@example.com
customer-04216,Kai Tailor,avi83@example.com
customer-04217,Yashawini Chaudhry,dugarubika@example.org
customer-04218,Manbir Thakkar,xiyengar@example.org
customer-04219,Mahika Purohit,gayathriboase@example.com
customer-04220,Oni Chand,pbhat@example.com
customer-04221,Kai Nayar,harrisonbalay@example.org
customer-04222,Chakrika Dora,deepa72@example.net
customer-04223,Ekantika Sachdev,pushticheema@example.org
customer-04224,Netra Kale,dakshanaik@example.com
customer-04225,Ojas Khurana,saumya15@example.org
customer-04226,Chaitaly Shenoy,neelpalan@example.org
customer-04227,Dalbir Barad,kundavansha@example.org
customer-04228,Abeer Mangat,umang72@example.net
customer-04229,Krish Patel,amara83@example.org
customer-04230,Upma Murty,shivansh92@example.net
customer-04231,Nathan Manne,xahluwalia@example.org
customer-04232,Bakhshi Narula,deepamann@example.org
customer-04233,Shravya Memon,arandhawa@example.org
customer-04234,Vansha Sibal,srinivasanjagdish@example.net
customer-04235,Omisha Nath,sinhaaarush@example.org
customer-04236,Chasmum Uppal,sanaya92@example.org
customer-04237,Michael Anand,memonbhavani@example.com
customer-04238,Upadhriti Soman,tanay46@example.net
customer-04239,Harish Varughese,pavani14@example.com
customer-04240,Harita Taneja,frederick65@example.org
customer-04241,Ucchal Karan,ndalia@example.com
customer-04242,Chanchal Ratti,geetika66@example.com
customer-04243,Chaitanya Pingle,pahal93@example.net
customer-04244,Rachit Balakrishnan,cdhawan@example.net
customer-04245,Ansh Kamdar,radha55@example.com
customer-04246,Zayan Bal,jagrativirk@example.net
customer-04247,Nihal Bera,xsem@example.org
customer-04248,Yagnesh Jhaveri,urao@example.org
customer-04249,Chaitanya Kunda,zraghavan@example.com
customer-04250,Orinder Trivedi,rohan95@example.org
customer-04251,Chameli Nigam,vnarayan@example.net
customer-04252,Yashawini Kulkarni,charitakapoor@example.com
customer-04253,Jason Palla,omkaar74@example.com
customer-04254,Damyanti Raja,eiravatimanne@example.net
customer-04255,Neel Ben,fbhattacharyya@example.com
customer-04256,Frado Iyer,wriddhishkrishnamurthy@example.com
customer-04257,Bahadurjit Kapur,kantpraneel@example.org
customer-04258,Zinal Warrior,rvarma@example.com
customer-04259,Falan Oza,dhawananthony@example.com
customer-04260,Wridesh Maharaj,kgola@example.org
customer-04261,Ekansh Kakar,sanichakrika@example.com
customer-04262,Avi Verma,jsehgal@example.org
customer-04263,Amol Zacharia,neelimasen@example.net
customer-04264,Praneel Bhagat,yswamy@example.net
customer-04265,Vedant Mahal,gerabakhshi@example.org
customer-04266,Michael Sachdeva,miteshcomar@example.com
customer-04267,Hemang Jayaraman,wbains@example.org
customer-04268,Aadi Cheema,ppradhan@example.com
customer-04269,Varsha Dayal,tristan37@example.org
customer-04270,Ayush Pant,sneha90@example.net
customer-04271,Qadim Setty,thomasmitter@example.com
customer-04272,Rayaan Memon,advikdin@example.com
customer-04273,Balvan Pandit,zehaannigam@example.net
customer-04274,Om Dhillon,chasmum27@example.com
customer-04275,Vyanjana Saxena,qasim42@example.net
customer-04276,Kashish Balasubramanian,lajita08@example.com
customer-04277,Jeevika Rajan,golegirish@example.net
customer-04278,Lopa Rege,harrisoncheema@example.net
customer-04279,Chaitaly Bassi,merchantzansi@example.net
customer-04280,Neel Hora,rsinghal@example.net
customer-04281,Teerth Krishnamurthy,jpatla@example.net
customer-04282,Owen Wagle,aadhya95@example.org
customer-04283,Isha Rajan,anvisuresh@example.com
customer-04284,Shivansh Trivedi,ramachandranvihaan@example.com
customer-04285,Banjeet Devan,xloyal@example.com
customer-04286,Zansi Kashyap,nachiketbir@example.com
customer-04287,Udyati Swaminathan,jeet68@example.net
customer-04288,Ranveer Mani,frederickgrewal@example.org
customer-04289,Osha Parmer,chakradharthaman@example.net
customer-04290,Teerth Jaggi,abora@example.org
customer-04291,Varsha Parmer,ekaraj03@example.net
customer-04292,Yoshita Dani,triya47@example.net
customer-04293,Watika Kapadia,vzachariah@example.org
customer-04294,Aditya Samra,kamya64@example.net
customer-04295,Maanas Sampath,jason82@example.net
customer-04296,Netra Patla,jagdishdugar@example.org
customer-04297,Ekalinga Chopra,zdoctor@example.org
customer-04298,Jeremiah Nagar,gmannan@example.com
customer-04299,Sathvik Dasgupta,kharebanjeet@example.org
customer-04300,Harsh Johal,iarya@example.net
customer-04301,Gunbir Johal,kritikabhatnagar@example.org
customer-04302,Chakradev Karpe,lopa05@example.com
customer-04303,Ranbir Bera,evasa@example.com
customer-04304,Charles Konda,robertchokshi@example.net
customer-04305,Kamala Pingle,urvashihayre@example.com
customer-04306,Ranveer Yohannan,cde@example.org
customer-04307,Eshana Mitra,mratti@example.net
customer-04308,Zaitra Suri,falgunipillay@example.org
customer-04309,Balvan Suri,timothy37@example.org
customer-04310,Unni Sem,gautamacharya@example.com
customer-04311,Vinaya Kala,samaekaja@example.net
customer-04312,Upasna Bala,zachariaamaira@example.net
customer-04313,Januja Shroff,anmol05@example.org
customer-04314,Yashoda Malhotra,banjeet23@example.org
customer-04315,Rachit Ahuja,theodore18@example.com
customer-04316,Janani Gala,vedant63@example.com
customer-04317,Xiti Gandhi,qchadha@example.org
customer-04318,Balveer Patil,contractorekavir@example.org
customer-04319,Diya Bajaj,ekta05@example.net
customer-04320,Aishani Parekh,kondasuhani@example.net
customer-04321,Sudiksha Menon,bhaktaparth@example.net
customer-04322,Oeshi Garde,jchandra@example.net
customer-04323,Harini Deshpande,aptezansi@example.org
customer-04324,Omya Suresh,vedhikatoor@example.net
customer-04325,Adweta Palan,xalak06@example.org
customer-04326,Bachittar Narayan,sharafchandani@example.org
customer-04327,Joshua Doshi,balhaarkhatri@example.com
customer-04328,Radhika Misra,inori@example.org
customer-04329,Abha Devan,harishsekhon@example.com
customer-04330,Frado Thaker,dborah@example.org
customer-04331,Vihaan Balan,eparekh@example.org
customer-04332,Nicholas Vig,hkonda@example.com
customer-04333,Shivani Dyal,ngoyal@example.org
customer-04334,Akshay Natarajan,prabhuomkaar@example.net
customer-04335,Ranveer Kunda,qabil43@example.com
customer-04336,Indali Viswanathan,bansaleta@example.com
customer-04337,Udarsh Mittal,samesh18@example.com
customer-04338,Vihaan Bhatnagar,onadkarni@example.org
customer-04339,Logan Dass,fparikh@example.com
customer-04340,Aayush Mani,jdave@example.org
customer-04341,Ekapad Raja,eganguly@example.net
customer-04342,Timothy Iyer,ppandey@example.org
customer-04343,Upkaar Khurana,gautami98@example.org
customer-04344,Odika Bahl,subramanianindali@example.com
customer-04345,Anjali Nagy,nakshdeol@example.com
customer-04346,Nirja Bhat,kiyengar@example.org
customer-04347,Kalpit Jayaraman,prabhakarojasvi@example.org
customer-04348,Arin Rout,prakashneelima@example.net
customer-04349,Lavanya Soni,kapoorwarjas@example.net
customer-04350,Amol Bhalla,kalakhatri@example.com
customer-04351,Nicholas Mann,onichahal@example.org
customer-04352,Gaurika Chaudhry,etabatra@example.com
customer-04353,Chavvi Subramanian,benjamin13@example.com
customer-04354,Theodore Varma,osandal@example.net
customer-04355,Aadhya Kashyap,ganga58@example.net
customer-04356,Ojasvi Hayer,isarma@example.org
customer-04357,Nilima Pall,xaviersanghvi@example.net
customer-04358,Bakhshi Bali,ronith98@example.com
customer-04359,Pooja Bedi,kgopal@example.com
customer-04360,Nachiket Kumar,naveenbrahmbhatt@example.net
customer-04361,Upkaar Chacko,bkhosla@example.com
customer-04362,Tejas Lanka,dhruv34@example.com
customer-04363,Yashica Loyal,wablemitali@example.com
customer-04364,Ojasvi Rau,jagdishdani@example.net
customer-04365,Pavani Doshi,srivastavasamaksh@example.org
customer-04366,Balendra Kamdar,yatinaggarwal@example.net
customer-04367,Yachana Thakkar,banjeet39@example.net
customer-04368,Kabir Koshy,wgarde@example.com
customer-04369,Yauvani Parsa,janyalala@example.com
customer-04370,Radhika Om,ayushman05@example.net
customer-04371,Samar Rajan,rajeshri38@example.org
customer-04372,Ranveer Mahal,praneelchana@example.net
customer-04373,Arjun Brar,sureshvedika@example.com
customer-04374,Atharv Tara,harsh69@example.org
customer-04375,Laksh Taneja,lekha90@example.net
customer-04376,Vrinda Vasa,fdyal@example.net
customer-04377,Sanya Sura,ekbal14@example.com
customer-04378,Oviya Pant,dasguptakevin@example.org
customer-04379,Matthew Zachariah,karnikgaurika@example.org
customer-04380,Gaurika Upadhyay,zmohan@example.com
customer-04381,Brinda Magar,pathakharsh@example.com
customer-04382,Jatin Patil,yanand@example.net
customer-04383,Vasatika Edwin,barkhabaral@example.org
customer-04384,Udarsh Sanghvi,ishwarsandhu@example.org
customer-04385,Anita Sachdeva,williamram@example.com
customer-04386,Qasim Chaudhuri,xmutti@example.net
customer-04387,Azaan Sampath,vrishti88@example.org
customer-04388,Lajita Raman,urishilla94@example.org
customer-04389,Mitali Keer,cwali@example.net
customer-04390,Ekaja Upadhyay,yiyengar@example.net
customer-04391,Odika Aggarwal,dakshesh32@example.org
customer-04392,Xalak Bhardwaj,pooja87@example.org
customer-04393,Darsh Oak,nathan80@example.net
customer-04394,Damyanti Sekhon,parmerindira@example.net
customer-04395,Leena Hora,iseth@example.net
customer-04396,Balhaar Mukhopadhyay,jagatseth@example.org
customer-04397,Ekbal Luthra,ishanviray@example.net
customer-04398,Omaja Bhagat,meerauppal@example.org
customer-04399,Nidhi Toor,priyalall@example.org
customer-04400,Vamakshi Rout,suhaniraman@example.net
customer-04401,Varsha Master,poojataneja@example.net
customer-04402,Harsh Ravel,balhaar91@example.org
customer-04403,Dipta Sibal,qdoctor@example.net
customer-04404,Andrew Lad,mswamy@example.com
customer-04405,Lajita Brar,lchopra@example.com
customer-04406,Yadavi Sankaran,guptafarhan@example.com
customer-04407,Charita Sharma,gauranggulati@example.org
customer-04408,Indali Acharya,bhavini72@example.com
customer-04409,Diya Nori,kzachariah@example.net
customer-04410,Chaitaly Ravi,jaimutti@example.net
customer-04411,Oliver Chandran,rverma@example.org
customer-04412,Farhan Chauhan,urvashinagy@example.com
customer-04413,Qasim Balan,jaikata@example.com
customer-04414,Sai Murty,eeshadayal@example.com
customer-04415,Sai Dey,ibhardwaj@example.net
customer-04416,Patrick Jayaraman,ramajasmit@example.com
customer-04417,Charita Bhat,warhi66@example.org
customer-04418,Ekaraj Soni,ksani@example.net
customer-04419,Parth Sami,uchahal@example.com
customer-04420,Atharv Tripathi,karanbahl@example.com
customer-04421,Ubika Oak,ikhalsa@example.com
customer-04422,Nihal Ranganathan,kashishmahajan@example.org
customer-04423,Ansh Dara,gauriiyengar@example.com
customer-04424,Ishani Nori,hemani79@example.net
customer-04425,Qasim Oak,twali@example.net
customer-04426,Gagan Venkataraman,abeer70@example.com
customer-04427,Ojas Sankar,sanejack@example.org
customer-04428,Bhavya Narayan,sanghvidavid@example.org
customer-04429,Tanay Sachar,ysem@example.net
customer-04430,Faqid Kala,unnibanerjee@example.org
customer-04431,Darpan Khatri,eiravatikrishnamurthy@example.com
customer-04432,Harish Yohannan,frederick67@example.com
customer-04433,Avi Rastogi,xalaknatarajan@example.org
customer-04434,Jeremiah Wadhwa,bcherian@example.org
customer-04435,Qabil Kalla,nihal91@example.org
customer-04436,Gunbir Bobal,kalpit18@example.net
customer-04437,Bhavini Sridhar,raghav71@example.com
customer-04438,Watika Bhandari,hraval@example.com
customer-04439,Abha Purohit,bhavsardarika@example.com
customer-04440,Harrison Chowdhury,varenyapandit@example.net
customer-04441,Vasatika Mallick,zbhakta@example.net
customer-04442,Elijah Chada,chamankota@example.org
customer-04443,Amruta D’Alia,soniyashvi@example.org
customer-04444,Darika Sankar,zehaan55@example.com
customer-04445,Onkar Palan,ladli76@example.com
customer-04446,Eiravati Dar,qadimdass@example.net
customer-04447,Fiyaz Vohra,yochanalal@example.net
customer-04448,Saumya Rege,nthaker@example.org
customer-04449,Ijaya Bahl,tbahl@example.net
customer-04450,Priya Menon,jamble@example.net
customer-04451,Riya Hora,thomasvaidya@example.net
customer-04452,Anvi Agrawal,lohit33@example.org
customer-04453,Chameli Dugal,yutika51@example.org
customer-04454,Vamakshi Peri,qchada@example.org
customer-04455,Advaith Wagle,qabil29@example.com
customer-04456,Nidra Sarma,rajeshriprashad@example.org
customer-04457,Nicholas Boase,geradivya@example.org
customer-04458,Omaja Dugal,sudiksha10@example.org
customer-04459,Vedika Dugar,haridalbir@example.net
customer-04460,Gauri Parsa,chakradhargandhi@example.org
customer-04461,Chasmum Kala,vargheseadya@example.org
customer-04462,Omisha Magar,waliyatin@example.org
customer-04463,Rachita Shan,raimatthew@example.net
customer-04464,Qushi Khalsa,banerjeeatharv@example.net
customer-04465,Zansi Buch,kumerzarna@example.org
customer-04466,Devansh Wadhwa,cbuch@example.com
customer-04467,Chakradev Prasad,bhasinnimrat@example.org
customer-04468,Nikita Chander,dubemanbir@example.com
customer-04469,Logan Sha,bhatttamanna@example.org
customer-04470,Wridesh Patel,karijacob@example.net
customer-04471,Vansha Minhas,shravyasrivastava@example.com
customer-04472,Aditya Deol,tanveer03@example.net
customer-04473,Faraj Bains,manbir74@example.net
customer-04474,Oscar Chahal,kkothari@example.com
customer-04475,Victor Golla,isaiah50@example.org
customer-04476,Vinaya Roy,nandakrish@example.org
customer-04477,Vamakshi Sachar,chandaraghav@example.org
customer-04478,Jonathan Sankaran,gkar@example.com
customer-04479,Aashi Vala,varkeywakeeta@example.net
customer-04480,Rudra Sarin,samar22@example.com
customer-04481,Ojas Balakrishnan,wyattpatla@example.net
customer-04482,Mekhala Varma,upadhritichar@example.com
customer-04483,Indrajit Mody,jagdishrastogi@example.com
customer-04484,Harish Shah,urvashi58@example.org
customer-04485,Chakradhar Ahuja,oni52@example.com
customer-04486,Omkaar Merchant,tripti39@example.org
customer-04487,Abha Bala,adash@example.com
customer-04488,Turvi Nadig,deyrushil@example.net
customer-04489,Jeremiah Chand,takqabil@example.org
customer-04490,Arjun Cheema,farajsankar@example.org
customer-04491,Ria Madan,lakshmi73@example.net
customer-04492,Yoshita Raja,nkannan@example.net
customer-04493,Onveer Manda,fmukherjee@example.net
customer-04494,Ridhi Rau,harish62@example.org
customer-04495,Jason Krishna,lsahota@example.org
customer-04496,Harini Kari,wsolanki@example.net
customer-04497,Sara Gopal,oparmer@example.net
customer-04498,Harini Arora,tanishjani@example.org
customer-04499,Bina Nair,xravi@example.net
customer-04500,Priya Thaman,arunima86@example.org
customer-04501,Zansi Bhargava,vivaanmangal@example.net
customer-04502,Gunbir Dara,viraj21@example.net
customer-04503,Nimrat Kade,ranveer78@example.org
customer-04504,Advika Goda,nchand@example.org
customer-04505,Rudra Dave,npatla@example.net
customer-04506,Jason Goswami,sundaramoscar@example.net
customer-04507,Avi Chandra,etanarayanan@example.org
customer-04508,Tristan Rau,nidhi05@example.org
customer-04509,Hritik Verma,osha55@example.org
customer-04510,Zaitra Pal,mohammedsuresh@example.org
customer-04511,Bhavika Mane,kalpit54@example.com
customer-04512,Noah Parsa,harinakshi61@example.com
customer-04513,Urmi Gola,aditya03@example.net
customer-04514,Balvan Sastry,zchaudhari@example.org
customer-04515,Nisha Kurian,fariqsarna@example.net
customer-04516,Chandresh Nadig,senishita@example.org
customer-04517,Gauri Deshmukh,ssheth@example.org
customer-04518,Liam Dyal,buchtriya@example.org
customer-04519,Vrinda Goswami,krishnanfrederick@example.com
customer-04520,Bimala Badal,jramachandran@example.com
customer-04521,Azaan Subramaniam,abeer79@example.org
customer-04522,Chandani Borra,rajataray@example.net
customer-04523,Mitesh Char,mohammedpathak@example.com
customer-04524,Warinder Chowdhury,bmitra@example.com
customer-04525,Jagat Jha,nadignaveen@example.com
customer-04526,Tanmayi Mannan,zbedi@example.net
customer-04527,Sanya Sankar,devihema@example.org
customer-04528,Ekantika Jha,dhayre@example.net
customer-04529,Ekbal Saini,fbehl@example.net
customer-04530,Wazir Prabhu,omkaar64@example.org
customer-04531,Janya Arya,krishnigam@example.net
customer-04532,Abha Shanker,shivani39@example.com
customer-04533,Ayaan Ahuja,mandermugdha@example.org
customer-04534,Jagrati Lalla,jbahri@example.com
customer-04535,Pushti Tara,ganesanaarush@example.com
customer-04536,Ladli Naik,oshavarkey@example.com
customer-04537,Damyanti Bhattacharyya,robert49@example.com
customer-04538,Sanya Maharaj,qchoudhary@example.com
customer-04539,Vansha Butala,faraj87@example.com
customer-04540,Unni More,ochand@example.org
customer-04541,Varsha Amble,jthakur@example.com
customer-04542,Chakradev Keer,aarna53@example.com
customer-04543,Leela Ganesan,siyagrover@example.com
customer-04544,Hamsini Swaminathan,ekibe@example.org
customer-04545,Eshana Nagarajan,keerjhalak@example.net
customer-04546,Alexander Raman,yachanachawla@example.net
customer-04547,Girindra Bir,rborah@example.net
customer-04548,Harini Babu,ghoshgayathri@example.com
customer-04549,Triya Padmanabhan,dbajaj@example.org
customer-04550,Azaan Ram,ekajabajaj@example.com
customer-04551,Geetika Das,cherianishani@example.com
customer-04552,Wriddhish Jaggi,kabir24@example.org
customer-04553,Sachi Handa,chaitalychacko@example.com
customer-04554,Zaid Sagar,wazir65@example.net
customer-04555,Radha Kumer,pahalsankaran@example.org
customer-04556,Brijesh Mohan,bmani@example.org
customer-04557,Ekaja Chhabra,darika32@example.net
customer-04558,Devansh Jha,advikthakur@example.net
customer-04559,Jatin Solanki,ektabehl@example.org
customer-04560,Aarna Mitter,chackoeta@example.org
customer-04561,Yashasvi Ghosh,bhanumatiperi@example.net
customer-04562,Eshana Nadig,zbehl@example.net
customer-04563,Naksh Mitter,bahadurjit95@example.org
customer-04564,David Nagy,bishakhaboase@example.org
customer-04565,Samar Nadkarni,vedaviswanathan@example.org
customer-04566,Qarin Ghose,revabir@example.org
customer-04567,Abeer Narain,kaleyash@example.org
customer-04568,Panini Din,sahotaisha@example.net
customer-04569,Baljiwan Ray,edwinnaveen@example.org
customer-04570,Januja Dutta,orinderoommen@example.com
customer-04571,Azaan Peri,wkota@example.net
customer-04572,Zayyan Dewan,irya06@example.com
customer-04573,Gayathri Varghese,rchokshi@example.net
customer-04574,Ronith Deol,chanderdhruv@example.org
customer-04575,Sudiksha Nayar,ssalvi@example.org
customer-04576,Shivani Dara,nidhijoshi@example.net
customer-04577,Amruta Batta,wriddhish95@example.com
customer-04578,Chavvi Bhagat,advaithlalla@example.org
customer-04579,Sarthak Bala,neelima07@example.com
customer-04580,Bakhshi Lata,randhawaishwar@example.org
customer-04581,Reyansh Dara,triptikala@example.net
customer-04582,Banjeet Chokshi,warinderdatta@example.com
customer-04583,Zilmil Badal,nidra70@example.com
customer-04584,Krisha Sahni,hranganathan@example.org
customer-04585,Dipta Wadhwa,surekaja@example.org
customer-04586,Chatura Divan,brindasaha@example.com
customer-04587,Guneet Chawla,wpandey@example.com
customer-04588,Amaira Varkey,jagvidey@example.com
customer-04589,Chakradhar Krishna,ramachandrankiaan@example.org
customer-04590,Varsha Balakrishnan,kashishmani@example.org
customer-04591,Edhitha Hayer,nilimagade@example.net
customer-04592,Bhanumati Konda,gourlaban@example.org
customer-04593,Shaurya Patel,chadharudra@example.org
customer-04594,Watika Dugal,agarwalindira@example.com
customer-04595,Arunima Iyer,bandra@example.com
customer-04596,Wriddhish Mane,mangalisha@example.org
customer-04597,Aadi Aurora,omajamahal@example.net
customer-04598,Jairaj Mani,jeevika93@example.com
customer-04599,Sanya Chatterjee,nathanieldhar@example.net
customer-04600,Saumya Murthy,suhani82@example.org
customer-04601,Balvan Doshi,chandajalsa@example.net
customer-04602,Zehaan Chadha,vanyagrover@example.org
customer-04603,Quincy Shan,dhriti49@example.com
customer-04604,Rajata Dutt,butalachandani@example.net
customer-04605,Bhavini Wable,varshagarg@example.org
customer-04606,Timothy Bhargava,veer38@example.net
customer-04607,Tejas Sinha,vasanachatterjee@example.net
customer-04608,Ishani Nayak,saibhavsar@example.org
customer-04609,Bhavika Goel,fmuni@example.com
customer-04610,Urvashi Bassi,dev11@example.org
customer-04611,Bakhshi Ramesh,hema97@example.com
customer-04612,Anusha Shroff,harshil88@example.org
customer-04613,Anika Karnik,yatan11@example.com
customer-04614,Abha Goswami,turvi73@example.com
customer-04615,Dalbir Mohan,lipikanadig@example.org
customer-04616,Yashica Hayre,vsane@example.net
customer-04617,Vinaya Naik,acharyaindira@example.org
customer-04618,Mason Pandya,hsetty@example.com
customer-04619,Anmol Bahl,jradhakrishnan@example.net
customer-04620,Zinal Palan,virajsathe@example.org
customer-04621,Urvashi Jhaveri,xsalvi@example.net
customer-04622,Azaan Sahota,indalimukherjee@example.net
customer-04623,Noah Morar,sagaranusha@example.com
customer-04624,Sara Baral,nvohra@example.net
customer-04625,Tamanna Hayre,jasondhar@example.com
customer-04626,Sara Dalal,ldubey@example.com
customer-04627,Qabil Banik,mugdha98@example.com
customer-04628,Lucky Dora,tanvisankaran@example.org
customer-04629,Anya Dhar,liamboase@example.org
customer-04630,Charan Rana,sampathgopal@example.com
customer-04631,Kamala Mall,christopher52@example.com
customer-04632,Aradhana Oza,kabirkhurana@example.com
customer-04633,Anya Bains,sanekaran@example.net
customer-04634,Nachiket Bhatti,hegdenidra@example.com
customer-04635,Ranbir Rout,tanaydas@example.com
customer-04636,Ekbal Balasubramanian,jlalla@example.net
customer-04637,Darika Reddy,annewazir@example.net
customer-04638,Libni Khatri,girindrahayre@example.com
customer-04639,Ishanvi Rajan,krishna49@example.net
customer-04640,Nathaniel Purohit,inayabaral@example.org
customer-04641,Abdul Ganesan,vansha93@example.com
customer-04642,Vaishnavi Purohit,anandurmi@example.net
customer-04643,Yochana Reddy,hemalupadhyay@example.org
customer-04644,Caleb Kade,esood@example.com
customer-04645,Jyoti Khare,chandresh71@example.com
customer-04646,Irya Borra,ishapau@example.net
customer-04647,Anvi Agarwal,dayita47@example.net
customer-04648,Veer Mody,lakshpalan@example.com
customer-04649,Gauri Srinivasan,chadamugdha@example.org
customer-04650,Vrishti Sahota,regeishaan@example.com
customer-04651,Vihaan Vohra,pallavimohan@example.net
customer-04652,Aashi Balasubramanian,annealka@example.net
customer-04653,Max Chandra,yachanashah@example.com
customer-04654,Dev Mangal,gaurika48@example.net
customer-04655,Harini Wagle,shankerdaksha@example.net
customer-04656,Aradhana Deshpande,ronithloyal@example.com
customer-04657,Zansi Chopra,divya32@example.com
customer-04658,Yash Krishna,ykhare@example.net
customer-04659,Fitan Dalal,jonathan26@example.com
customer-04660,Chatura Mangat,balawyatt@example.org
customer-04661,Kamya Mani,fmital@example.com
customer-04662,Pavani Nagar,andrewchoudhry@example.net
customer-04663,Anya Chaudhari,gulatilopa@example.org
customer-04664,Rajata Bora,samikiaan@example.com
customer-04665,Aashi Bansal,jason48@example.net
customer-04666,Avi Ramachandran,oommenaahana@example.net
customer-04667,Laksh Edwin,vatwal@example.net
customer-04668,Anay Ratti,regeupadhriti@example.net
customer-04669,Dhruv Gour,samesh50@example.com
customer-04670,Gaurika Arya,mohanzehaan@example.com
customer-04671,Samaksh Kalita,lakshit08@example.org
customer-04672,Utkarsh Shan,gdube@example.net
customer-04673,Qabil Tailor,jhaisaiah@example.net
customer-04674,Farhan Taneja,jagratibhatia@example.com
customer-04675,Tripti D’Alia,samakalpit@example.com
customer-04676,Vincent Vig,christopher30@example.org
customer-04677,Jagdish Jani,lmani@example.net
customer-04678,Amaira Bhattacharyya,advay48@example.com
customer-04679,Anjali Bora,doraanjali@example.com
customer-04680,Niharika Nanda,thakerayush@example.net
customer-04681,Jasmit Shroff,prajagopal@example.org
customer-04682,Laban Deo,vandra@example.com
customer-04683,Chatura Vora,frout@example.org
customer-04684,Anay Butala,diya70@example.net
customer-04685,Eiravati Lala,badalkamya@example.com
customer-04686,Ekbal Samra,ekantika11@example.org
customer-04687,Barkha Om,henry52@example.org
customer-04688,Isha Dutt,harshkannan@example.net
customer-04689,Balveer Banik,chatreshwagle@example.com
customer-04690,Qarin Nori,chandani16@example.com
customer-04691,Libni Venkatesh,wjain@example.net
customer-04692,Isha Raval,sahotarudra@example.com
customer-04693,Ekavir Rajagopalan,warjas76@example.org
customer-04694,Hemang Saini,msodhi@example.net
customer-04695,Falguni Chad,ridhiraman@example.org
customer-04696,Simon Nagar,gaurangimore@example.net
customer-04697,Rachit Varughese,jairajpandey@example.net
customer-04698,Michael Bajaj,ubir@example.net
customer-04699,Upadhriti Dixit,purijacob@example.org
customer-04700,Mohini Bhatnagar,sjhaveri@example.net
customer-04701,Sachi Wason,chaitalykaur@example.com
customer-04702,Laksh Puri,joshua17@example.net
customer-04703,Advik Mane,harinibawa@example.net
customer-04704,Inaya Kaul,regesarthak@example.com
customer-04705,Vanya Agrawal,max15@example.com
customer-04706,Nachiket Sami,ejoshi@example.org
customer-04707,Daksh Vala,vaishnavi53@example.org
customer-04708,Bimala Hora,abath@example.org
customer-04709,Yashawini Korpal,aishaniguha@example.com
customer-04710,Dominic Bajwa,warhiborde@example.net
customer-04711,Qarin Hari,gavinthakur@example.com
customer-04712,Ekavir Sen,xalak26@example.net
customer-04713,Oviya Radhakrishnan,badaldipta@example.org
customer-04714,Champak Venkataraman,lnadkarni@example.net
customer-04715,Wriddhish Varughese,karan25@example.org
customer-04716,Yashodhara Master,kchaudhary@example.net
customer-04717,Lucky Narula,santkavya@example.net
customer-04718,Urvi Borra,ojas03@example.org
customer-04719,Shravya Ranganathan,fraghavan@example.net
customer-04720,Tarak Salvi,turvipalan@example.net
customer-04721,Amol Nayar,ladmekhala@example.org
customer-04722,Arunima Sehgal,gahluwalia@example.org
customer-04723,Ridhi Chauhan,vasudhakalita@example.com
customer-04724,Rohan Ganesh,goyalxavier@example.org
customer-04725,Faris Morar,korpalgeorge@example.com
customer-04726,Hemal Cheema,eesha52@example.com
customer-04727,Bhavini Dara,nikita08@example.com
customer-04728,Omya Sood,gyohannan@example.com
customer-04729,Xalak Pillay,rainirja@example.org
customer-04730,Aadhya Ghosh,chaudharibarkha@example.net
customer-04731,Harish Ghosh,chakrabortyzehaan@example.net
customer-04732,Tarak Jha,anthony18@example.org
customer-04733,Zayyan Aggarwal,spillay@example.net
customer-04734,Agastya Bhakta,agrawalvyanjana@example.com
customer-04735,Jeremiah Deo,mitalrajeshri@example.org
customer-04736,Jairaj Chadha,shravya23@example.com
customer-04737,Chandran Lanka,wbarad@example.net
customer-04738,Garima Wadhwa,okashyap@example.com
customer-04739,Faraj Dara,mishralopa@example.net
customer-04740,Yashasvi Srinivas,shettyekansh@example.com
customer-04741,Mohammed Ramanathan,italwar@example.com
customer-04742,Sanya Virk,harinipuri@example.org
customer-04743,Chaitanya Buch,theodoreuppal@example.org
customer-04744,Tanish Koshy,ekiyaagate@example.com
customer-04745,Gauri Parekh,odivan@example.org
customer-04746,Falguni Sabharwal,onkargulati@example.net
customer-04747,Kiaan Goswami,ckanda@example.org
customer-04748,Varenya Raval,ganeshrajata@example.com
customer-04749,Lajita Mutti,arin62@example.com
customer-04750,Januja Sheth,tdayal@example.com
customer-04751,Vrishti Chowdhury,warriorjeet@example.com
customer-04752,Nidra Dyal,girindraparmar@example.com
customer-04753,Indrajit Joshi,mbhardwaj@example.net
customer-04754,Lohit Bhargava,isaiahkorpal@example.org
customer-04755,Omya Lal,mmanda@example.org
customer-04756,Peter Nair,chanchalshukla@example.org
customer-04757,Daksh Hegde,falakkarpe@example.org
customer-04758,Sachi Anne,warjasdhar@example.net
customer-04759,Aahana Nath,matthew16@example.net
customer-04760,Meera Balan,ramanathanekaja@example.com
customer-04761,Ladli Shroff,urvashi64@example.net
customer-04762,Gauri Mitter,radhasamra@example.com
customer-04763,Jeremiah Johal,isampath@example.net
customer-04764,Warda Gade,nilimachokshi@example.org
customer-04765,Vasana Kata,krishna30@example.org
customer-04766,Chasmum Murty,rushilpai@example.org
customer-04767,Isaac Bakshi,shravya69@example.org
customer-04768,Ryan Wason,osinha@example.org
customer-04769,Meghana Chokshi,sidhuaarnav@example.org
customer-04770,Niharika Mand,vbhakta@example.org
customer-04771,Yochana Balay,xloyal@example.net
customer-04772,Yuvraj Bahl,upkaar39@example.net
customer-04773,Bishakha Pillay,bluthra@example.com
customer-04774,Gaurika Mittal,yochana66@example.org
customer-04775,Gabriel Sangha,ywable@example.com
customer-04776,Jason Varkey,warhi97@example.com
customer-04777,Yutika Madan,ipatla@example.com
customer-04778,Anvi Sengupta,wkulkarni@example.net
customer-04779,Tanish Subramaniam,hayrewahab@example.net
customer-04780,Chameli Dua,ekanshbawa@example.com
customer-04781,Kalpit Chakraborty,ubiswas@example.com
customer-04782,Charan Borde,bahrichanakya@example.net
customer-04783,Zehaan Raval,turvibath@example.com
customer-04784,Yashodhara Mahajan,damini94@example.org
customer-04785,Isaac Manne,nakulbhargava@example.net
customer-04786,Zinal Bawa,ikbal17@example.com
customer-04787,Tamanna Gulati,horakavya@example.net
customer-04788,Ojas Bahri,chakradev80@example.net
customer-04789,Meghana Doctor,nirja22@example.com
customer-04790,Ayushman Bhargava,charles36@example.com
customer-04791,Yamini Shenoy,varghesejacob@example.net
customer-04792,Pushti Wable,ekaraj34@example.org
customer-04793,Shivani Chander,pdara@example.net
customer-04794,Ladli Pandit,daniel18@example.org
customer-04795,Ayushman Gopal,santzayan@example.org
customer-04796,Upma Sunder,bbutala@example.org
customer-04797,Vivaan Goyal,zinalradhakrishnan@example.net
customer-04798,Manan Goda,swamyvarsha@example.com
customer-04799,Samuel Kala,zansi61@example.net
customer-04800,Gautam Patel,madhavi63@example.net
customer-04801,Chaitanya Bir,naveenshan@example.org
customer-04802,Radha Sama,narangalexander@example.net
customer-04803,Chaaya Deep,jayaramanlibni@example.com
customer-04804,Tanay Sahni,dhruv65@example.com
customer-04805,Bachittar Garg,hrama@example.org
customer-04806,Ranveer Sachar,chakradevbassi@example.net
customer-04807,Advika Dutt,bhavika97@example.com
customer-04808,Ayushman Joshi,pradhansamesh@example.org
customer-04809,Hemani Sanghvi,abhakata@example.org
customer-04810,Bachittar Kala,bhardwajkiaan@example.org
customer-04811,Abhimanyu Bedi,magarveda@example.com
customer-04812,Priya Dhawan,fradomangal@example.com
customer-04813,Wakeeta Sastry,snarasimhan@example.com
customer-04814,Jacob Nagy,unni80@example.org
customer-04815,Quincy Ghose,trana@example.com
customer-04816,Jasmit Rege,viswanathankritika@example.net
customer-04817,Lohit Kaur,yash32@example.net
customer-04818,Omya Shankar,nayaraayush@example.com
customer-04819,Sai Krishna,umangom@example.com
customer-04820,Nidra Dani,qkeer@example.com
customer-04821,Ojasvi Sachdev,sarrafyashoda@example.net
customer-04822,Rishi Bhalla,jairajbasak@example.com
customer-04823,Tristan Kumer,yashawini81@example.org
customer-04824,Guneet Balan,rprabhu@example.com
customer-04825,Manya Bhavsar,vidhi32@example.com
customer-04826,Sanya Keer,sanghviomaja@example.org
customer-04827,Sudiksha Magar,ldutt@example.org
customer-04828,Lavanya Acharya,noahsavant@example.com
customer-04829,Yauvani Ben,dhriti99@example.net
customer-04830,Jatin Yohannan,settykiaan@example.com
customer-04831,Mitali Parmer,sanayadyal@example.org
customer-04832,Reyansh Sami,hbanik@example.org
customer-04833,Rajeshri Ramesh,vsinghal@example.net
customer-04834,Jeremiah Sarma,xkalita@example.com
customer-04835,Kai Seshadri,kannanamol@example.net
customer-04836,Ranbir Bandi,jalsa38@example.com
customer-04837,Gaurika Sastry,jbaral@example.com
customer-04838,Guneet Nayak,puppal@example.net
customer-04839,Warjas Prabhu,vrishtiparikh@example.net
customer-04840,Sneha Menon,boasechakrika@example.net
customer-04841,Wyatt Roy,samuelghose@example.org
customer-04842,Advik Vohra,mgulati@example.net
customer-04843,Azad Grewal,ahluwaliaharita@example.com
customer-04844,Bhavani Maharaj,rwali@example.org
customer-04845,Ekiya Loyal,dalajasundaram@example.com
customer-04846,Yahvi Pillay,joshisuhani@example.org
customer-04847,Nilima Koshy,yadavisahni@example.com
customer-04848,Diya Gupta,jagatlall@example.com
customer-04849,Ishwar Kata,devinachiket@example.org
customer-04850,Samesh Bala,jsachdev@example.org
customer-04851,Zashil Divan,desaiarunima@example.org
customer-04852,Darika Contractor,subramaniamwatika@example.org
customer-04853,Pushti Chowdhury,wbalakrishnan@example.org
customer-04854,Anvi Natt,srivastavaati@example.org
customer-04855,Arunima Jani,gaurangi32@example.org
customer-04856,Anusha Sha,erastogi@example.net
customer-04857,Samesh Pingle,chandran81@example.com
customer-04858,Bimala Prabhu,kandasanaya@example.org
customer-04859,Lila Thakkar,onveer53@example.com
customer-04860,Finn Roy,deolwahab@example.com
customer-04861,Tripti Suresh,banjeetsibal@example.net
customer-04862,Daniel Kumar,hardiksundaram@example.org
customer-04863,Mekhala Bhatnagar,dayamaibasu@example.net
customer-04864,Imaran Bava,kalpit21@example.net
customer-04865,Manbir Kashyap,xbhatt@example.com
customer-04866,Frado Kalita,matthewdixit@example.com
customer-04867,Nakul Sant,yashica12@example.org
customer-04868,Gautami Sehgal,sainivarsha@example.com
customer-04869,Adweta Kothari,shravyagolla@example.net
customer-04870,Suhani Kata,fiyazshetty@example.net
customer-04871,Nathaniel Chakrabarti,sankarpranav@example.net
customer-04872,Laksh Minhas,cshroff@example.net
customer-04873,Dhriti Gill,sureshgaurav@example.net
customer-04874,Saksham Ratta,nicholas07@example.net
customer-04875,Vivaan Zacharia,widishamohanty@example.org
customer-04876,Azaan Mohan,jasonsetty@example.org
customer-04877,Falguni Narasimhan,mnayak@example.com
customer-04878,Jasmit Buch,ishaan05@example.org
customer-04879,Naveen Deo,dixitmohini@example.net
customer-04880,Pahal Verma,hsem@example.org
customer-04881,Samesh Kunda,ekansh27@example.org
customer-04882,Dhruv Andra,varsharadhakrishnan@example.net
customer-04883,Lopa Arya,nakshsarraf@example.com
customer-04884,Bishakha Raghavan,trama@example.net
customer-04885,Abha Narasimhan,ubikaborah@example.com
customer-04886,Diya Sodhi,katajanaki@example.com
customer-04887,Harshil Lala,indrajit40@example.org
customer-04888,Bimala Reddy,anandamruta@example.net
customer-04889,Megha Dugar,gautamimammen@example.net
customer-04890,Orinder Datta,pooja16@example.com
customer-04891,Jacob Subramanian,dyalaarnav@example.org
customer-04892,Diya Gopal,xvenkatesh@example.org
customer-04893,Teerth Purohit,rajeshri41@example.net
customer-04894,Fiyaz Panchal,azad23@example.com
customer-04895,Jeevika Sarraf,vrittikade@example.net
customer-04896,Onveer Mall,smanda@example.net
customer-04897,Pranit Rattan,odikalala@example.com
customer-04898,Nakul Bora,wahabchander@example.com
customer-04899,Farhan Suri,kom@example.net
customer-04900,Baghyawati Goel,shalder@example.com
customer-04901,Vedika Madan,iyohannan@example.com
customer-04902,Chakradhar Sane,osen@example.net
customer-04903,Farhan Deol,jonathanloyal@example.org
customer-04904,Madhav Garg,sachinayar@example.com
customer-04905,Naksh Magar,tejas58@example.net
customer-04906,Leela Lala,vdugal@example.org
customer-04907,Udant Buch,ishita73@example.net
customer-04908,Ati Banerjee,kapurhritik@example.org
customer-04909,Owen Behl,hemani12@example.org
customer-04910,Ridhi Butala,nisha50@example.org
customer-04911,Finn Lanka,racharya@example.net
customer-04912,Dev Mani,panchalanjali@example.com
customer-04913,Yamini Chopra,hredhaansrivastava@example.com
customer-04914,Ganga Warrior,fjain@example.com
customer-04915,Vasatika Mitra,rattiekaja@example.net
customer-04916,Ekani Ramakrishnan,deolsuhani@example.net
customer-04917,Ria Dave,chandranmani@example.org
customer-04918,Isha Maharaj,lpathak@example.net
customer-04919,Eiravati Pant,jedwin@example.com
customer-04920,Andrew Amble,balhaar22@example.com
customer-04921,Jatin Mital,sgupta@example.org
customer-04922,Bahadurjit Borah,wrau@example.org
customer-04923,Januja Halder,pallkaran@example.org
customer-04924,Ekbal Sastry,pandyanaveen@example.org
customer-04925,Jatin Dugar,usrivastava@example.com
customer-04926,Sarthak Rao,shenoybimala@example.com
customer-04927,Manya Mangal,sanidarika@example.net
customer-04928,Osha Murty,somfiyaz@example.net
customer-04929,Logan Raj,balisamarth@example.net
customer-04930,Vamakshi Badal,sudiksha43@example.org
customer-04931,Zehaan Desai,anitaghose@example.com
customer-04932,Quincy Malhotra,gulativasana@example.net
customer-04933,Gauri Mallick,yastibassi@example.org
customer-04934,Ucchal Chauhan,mohini17@example.org
customer-04935,Yagnesh Mutti,harshil02@example.net
customer-04936,Warda Ramachandran,bhattibhavya@example.net
customer-04937,Aayush Tank,aarnabrar@example.com
customer-04938,David Prasad,gaganparmar@example.com
customer-04939,Radha Sarna,ucchal65@example.com
customer-04940,Baljiwan Karan,varghesemaanas@example.com
customer-04941,Ayaan Khanna,trajagopal@example.org
customer-04942,Gayathri Desai,hemasarkar@example.org
customer-04943,Joshua Batra,bahlpranav@example.com
customer-04944,Victor Ramachandran,gopal02@example.com
customer-04945,Ekbal Batta,yatinmisra@example.net
customer-04946,Vivaan Contractor,lkumar@example.net
customer-04947,Anya Rajagopal,takreyansh@example.net
customer-04948,Alexander Pandya,luke28@example.org
customer-04949,Nirja Sem,mgoda@example.org
customer-04950,Falak Mahal,ide@example.com
customer-04951,Robert Kade,samarthwalia@example.net
customer-04952,Maya Arora,paljack@example.net
customer-04953,Idika Dada,varsha39@example.net
customer-04954,Madhav Murty,fvohra@example.org
customer-04955,Onkar Bal,rohan09@example.net
customer-04956,Nakul Saraf,pinglejagvi@example.org
customer-04957,Tristan Banerjee,talwarhenry@example.org
customer-04958,Frado Pillay,danitripti@example.org
customer-04959,Lajita Naik,champakwarrior@example.com
customer-04960,Leela Mishra,urvashi74@example.net
customer-04961,Yochana Ganesh,zansisachdev@example.org
customer-04962,Nilima Patil,ikshita61@example.com
customer-04963,Anusha Arora,aarushbedi@example.net
customer-04964,Baghyawati Basak,jagratiray@example.com
customer-04965,Dayamai Korpal,doshinandini@example.net
customer-04966,Azaan Narain,hiral06@example.org
customer-04967,Widisha Shukla,rishiwagle@example.net
customer-04968,Pallavi Din,pranav71@example.net
customer-04969,Gavin Tailor,wyattbhakta@example.org
customer-04970,Megha Sha,harshbera@example.com
customer-04971,Damini Palla,hamsinipatla@example.com
customer-04972,Vanya Nayar,advay57@example.com
customer-04973,George Jain,cgarg@example.org
customer-04974,Jackson Garde,gautamdhawan@example.net
customer-04975,Jonathan Chaudhuri,shivanshpillay@example.org
customer-04976,Shravya Thakur,ishanvibains@example.net
customer-04977,Rudra Kannan,ebumb@example.net
customer-04978,Forum Sagar,indira95@example.com
customer-04979,Hemal Kalla,reva60@example.com
customer-04980,Quincy Ramaswamy,rdua@example.com
customer-04981,Darpan Issac,vanya38@example.org
customer-04982,Nidra Seth,uvarkey@example.com
customer-04983,Niharika Barad,osawhney@example.com
customer-04984,Advaith Gade,faraschhabra@example.net
customer-04985,Ishanvi Venkataraman,echad@example.com
customer-04986,Lopa Dhaliwal,siddharthdani@example.net
customer-04987,Daksh Basak,choudhryfalguni@example.com
customer-04988,Mahika Barman,rausaanvi@example.org
customer-04989,Nathaniel Yadav,triveni89@example.com
customer-04990,Aarush Kala,dbakshi@example.org
customer-04991,Amaira Dua,nihal03@example.com
customer-04992,Ikbal Khare,aggarwaladya@example.com
customer-04993,Vasana Agrawal,jackson41@example.com
customer-04994,Chatura Kannan,dbajaj@example.org
customer-04995,Aadhya Shukla,rauria@example.com
customer-04996,Samaksh Chopra,batraekavir@example.net
customer-04997,Aadi Deo,champak93@example.net
customer-04998,Udarsh Bajwa,upma31@example.org
customer-04999,Fitan Kale,gollacharita@example.net
customer-05000,Ayaan Agarwal,kurianpranit@example.org
